{
  "dataset": "datasets/ToucHD-Force/all_data_direction.json",
  "train_obj_ids": [
    6,
    41,
    52,
    53,
    59,
    69,
    70
  ],
  "test_obj_ids": [
    18,
    22,
    61
  ],
  "bin_count": 60,
  "bin_min": 0.0009379963840103491,
  "bin_max": 17.490922464594817,
  "bin_widths_preview": [
    0.2914997411368468,
    0.2914997411368468,
    0.29149974113684685,
    0.29149974113684674,
    0.29149974113684674
  ],
  "sensor_sample_counts": {
    "digit": 106796,
    "biotip": 194698,
    "gelsight": 81493,
    "duragel": 103188
  },
  "train": {
    "count": 48348,
    "min": 0.0009379963840103491,
    "max": 15.428609156473046,
    "mean": 3.88858898550118,
    "median": 2.9351100109211745,
    "std": 2.79394530534394
  },
  "test": {
    "count": 20796,
    "min": 0.003379427933188541,
    "max": 13.379865249252813,
    "mean": 3.545956899814935,
    "median": 2.60810955401406,
    "std": 2.4040710646560433
  },
  "digit": {
    "train": {
      "count": 10681,
      "min": 0.0009379963840103491,
      "max": 15.428609156473046,
      "mean": 7.7666845355137,
      "median": 7.762704927869833,
      "std": 2.579786100223291
    },
    "test": {
      "count": 4536,
      "min": 0.003379427933188541,
      "max": 13.379865249252813,
      "mean": 6.736005653105706,
      "median": 6.750520776346493,
      "std": 2.2000817134290176
    }
  },
  "gelsight": {
    "train": {
      "count": 8145,
      "min": 0.031915110872575723,
      "max": 12.0261174318761,
      "mean": 4.496582471115627,
      "median": 4.174844487484925,
      "std": 1.976824114558379
    },
    "test": {
      "count": 3495,
      "min": 0.014604001009993008,
      "max": 11.237677191911786,
      "mean": 4.595318989599156,
      "median": 4.275858445470682,
      "std": 1.8370354349630713
    }
  }
}