sensor,sequence,start_frame_index,frame_paths,movement,movement_steps,fx,fy,fz
digit,movement,0,movement/digit/images/center_step_000.png|movement/digit/images/center_step_002.png|movement/digit/images/center_step_004.png|movement/digit/images/center_step_006.png,center,0|2|4|6,0.058754837876032195,0.005181126101277425,-1.3454944115243583
digit,movement,1,movement/digit/images/center_step_001.png|movement/digit/images/center_step_003.png|movement/digit/images/center_step_005.png|movement/digit/images/center_step_007.png,center,1|3|5|7,0.0937893560984914,-0.0016451225411261428,-1.7111549981029675
digit,movement,2,movement/digit/images/center_step_002.png|movement/digit/images/center_step_004.png|movement/digit/images/center_step_006.png|movement/digit/images/center_step_008.png,center,2|4|6|8,0.12911875985748034,0.023008173729353987,-2.0710115738560324
digit,movement,3,movement/digit/images/center_step_003.png|movement/digit/images/center_step_005.png|movement/digit/images/center_step_007.png|movement/digit/images/center_step_009.png,center,3|5|7|9,0.1273716830709992,0.047614719676808304,-2.2562182344019934
digit,movement,4,movement/digit/images/center_step_004.png|movement/digit/images/center_step_006.png|movement/digit/images/center_step_008.png|movement/digit/images/center_step_010.png,center,4|6|8|10,0.12727090657307166,0.04709416477037043,-2.3873014009537687
digit,movement,5,movement/digit/images/center_step_005.png|movement/digit/images/center_step_007.png|movement/digit/images/center_step_009.png|movement/digit/images/center_step_011.png,center,5|7|9|11,0.11985178483425704,0.043053982664265744,-2.536864636148441
digit,movement,6,movement/digit/images/center_step_006.png|movement/digit/images/center_step_008.png|movement/digit/images/center_step_010.png|movement/digit/images/center_step_012.png,center,6|8|10|12,0.11525647633200214,0.040092888281761024,-2.6727848096829745
digit,movement,7,movement/digit/images/center_step_007.png|movement/digit/images/center_step_009.png|movement/digit/images/center_step_011.png|movement/digit/images/center_step_013.png,center,7|9|11|13,0.10891931449446113,0.053384529690719995,-2.8217293795731004
digit,movement,8,movement/digit/images/center_step_008.png|movement/digit/images/center_step_010.png|movement/digit/images/center_step_012.png|movement/digit/images/center_step_014.png,center,8|10|12|14,0.09428794855025649,0.04754901193165546,-2.973780826757373
digit,movement,9,movement/digit/images/center_step_009.png|movement/digit/images/center_step_011.png|movement/digit/images/center_step_013.png|movement/digit/images/center_step_015.png,center,9|11|13|15,0.0939380930520119,0.058331330583023394,-3.095163948236967
digit,movement,10,movement/digit/images/center_step_010.png|movement/digit/images/center_step_012.png|movement/digit/images/center_step_014.png|movement/digit/images/center_step_016.png,center,10|12|14|16,0.08429393077761446,0.05068377272344479,-3.2428753086626965
digit,movement,11,movement/digit/images/center_step_011.png|movement/digit/images/center_step_013.png|movement/digit/images/center_step_015.png|movement/digit/images/center_step_017.png,center,11|13|15|17,0.07103612647581053,0.05958547629462643,-3.377017863906264
digit,movement,12,movement/digit/images/center_step_012.png|movement/digit/images/center_step_014.png|movement/digit/images/center_step_016.png|movement/digit/images/center_step_018.png,center,12|14|16|18,0.06493356197031261,0.055336339949121544,-3.5241526526174676
digit,movement,13,movement/digit/images/center_step_013.png|movement/digit/images/center_step_015.png|movement/digit/images/center_step_017.png|movement/digit/images/center_step_019.png,center,13|15|17|19,0.05308604776410425,0.05652727726037776,-3.661063110955189
digit,movement,14,movement/digit/images/center_step_014.png|movement/digit/images/center_step_016.png|movement/digit/images/center_step_018.png|movement/digit/images/center_step_020.png,center,14|16|18|20,0.05207131476071741,0.054244046499130644,-3.820791435100848
digit,movement,15,movement/digit/images/center_step_015.png|movement/digit/images/center_step_017.png|movement/digit/images/center_step_019.png|movement/digit/images/center_step_021.png,center,15|17|19|21,0.03531719121637504,0.05107902568415498,-3.9475390679049096
digit,movement,16,movement/digit/images/center_step_016.png|movement/digit/images/center_step_018.png|movement/digit/images/center_step_020.png|movement/digit/images/center_step_022.png,center,16|18|20|22,0.01973512418531055,0.057129171854769706,-4.122219663101972
digit,movement,17,movement/digit/images/center_step_017.png|movement/digit/images/center_step_019.png|movement/digit/images/center_step_021.png|movement/digit/images/center_step_023.png,center,17|19|21|23,0.020351109006348372,0.04454578008411249,-4.234569392032021
digit,movement,18,movement/digit/images/center_step_018.png|movement/digit/images/center_step_020.png|movement/digit/images/center_step_022.png|movement/digit/images/center_step_024.png,center,18|20|22|24,0.0032431232250282743,0.05500154477932728,-4.396892725976613
digit,movement,19,movement/digit/images/center_step_019.png|movement/digit/images/center_step_021.png|movement/digit/images/center_step_023.png|movement/digit/images/center_step_025.png,center,19|21|23|25,0.002797467825711386,0.04679724893027015,-4.538324539518302
digit,movement,20,movement/digit/images/center_step_020.png|movement/digit/images/center_step_022.png|movement/digit/images/center_step_024.png|movement/digit/images/center_step_026.png,center,20|22|24|26,-0.005355394350518128,0.05259254429061963,-4.669330824901124
digit,movement,21,movement/digit/images/center_step_021.png|movement/digit/images/center_step_023.png|movement/digit/images/center_step_025.png|movement/digit/images/center_step_027.png,center,21|23|25|27,-0.03085591652953612,0.04126922139358555,-4.831103621814731
digit,movement,22,movement/digit/images/center_step_022.png|movement/digit/images/center_step_024.png|movement/digit/images/center_step_026.png|movement/digit/images/center_step_028.png,center,22|24|26|28,-0.026645897384104486,0.05114328752987968,-4.946528463827483
digit,movement,23,movement/digit/images/center_step_023.png|movement/digit/images/center_step_025.png|movement/digit/images/center_step_027.png|movement/digit/images/center_step_029.png,center,23|25|27|29,-0.04740096158847579,0.05417619463519527,-5.091027981822345
digit,movement,24,movement/digit/images/center_step_024.png|movement/digit/images/center_step_026.png|movement/digit/images/center_step_028.png|movement/digit/images/center_step_030.png,center,24|26|28|30,-0.06220926834432402,0.0496348175938304,-5.24167763582433
digit,movement,25,movement/digit/images/center_step_025.png|movement/digit/images/center_step_027.png|movement/digit/images/center_step_029.png|movement/digit/images/center_step_031.png,center,25|27|29|31,-0.06227247084512724,0.05158985809601718,-5.391762934104212
digit,movement,26,movement/digit/images/center_step_026.png|movement/digit/images/center_step_028.png|movement/digit/images/center_step_030.png|movement/digit/images/center_step_032.png,center,26|28|30|32,-0.077947949848907,0.04772351168137923,-5.527304750065573
digit,movement,27,movement/digit/images/center_step_027.png|movement/digit/images/center_step_029.png|movement/digit/images/center_step_031.png|movement/digit/images/center_step_033.png,center,27|29|31|33,-0.08095059836424141,0.049366822723912906,-5.677982322837917
digit,movement,28,movement/digit/images/center_step_028.png|movement/digit/images/center_step_030.png|movement/digit/images/center_step_032.png|movement/digit/images/center_step_034.png,center,28|30|32|34,-0.10591066213283233,0.0449045990348409,-5.791004960371931
digit,movement,29,movement/digit/images/center_step_029.png|movement/digit/images/center_step_031.png|movement/digit/images/center_step_033.png|movement/digit/images/center_step_035.png,center,29|31|33|35,-0.12277188769386008,0.048978338750994235,-5.963469207167235
digit,movement,30,movement/digit/images/center_step_030.png|movement/digit/images/center_step_032.png|movement/digit/images/center_step_034.png|movement/digit/images/center_step_036.png,center,30|32|34|36,-0.11577195620157998,0.0466709220358216,-6.103058478572589
digit,movement,31,movement/digit/images/center_step_031.png|movement/digit/images/center_step_033.png|movement/digit/images/center_step_035.png|movement/digit/images/center_step_037.png,center,31|33|35|37,-0.1335259502037873,0.04899462282461045,-6.238941681354777
digit,movement,32,movement/digit/images/center_step_032.png|movement/digit/images/center_step_034.png|movement/digit/images/center_step_036.png|movement/digit/images/center_step_038.png,center,32|34|36|38,-0.1368137644480947,0.05034751385537031,-6.3814664245688055
digit,movement,33,movement/digit/images/center_step_033.png|movement/digit/images/center_step_035.png|movement/digit/images/center_step_037.png|movement/digit/images/center_step_039.png,center,33|35|37|39,-0.1533879455294726,0.04097472580182748,-6.525219351352098
digit,movement,34,movement/digit/images/center_step_034.png|movement/digit/images/center_step_036.png|movement/digit/images/center_step_038.png|movement/digit/images/center_step_040.png,center,34|36|38|40,-0.17046904036379687,0.04895196421650165,-6.673644462485062
digit,movement,35,movement/digit/images/center_step_035.png|movement/digit/images/center_step_037.png|movement/digit/images/center_step_039.png|movement/digit/images/center_step_041.png,center,35|37|39|41,-0.1767543799816615,0.045756307153864154,-6.804051343197149
digit,movement,36,movement/digit/images/center_step_036.png|movement/digit/images/center_step_038.png|movement/digit/images/center_step_040.png|movement/digit/images/center_step_042.png,center,36|38|40|42,-0.1908000276482657,0.05299242763702053,-6.953608614201987
digit,movement,37,movement/digit/images/center_step_037.png|movement/digit/images/center_step_039.png|movement/digit/images/center_step_041.png|movement/digit/images/center_step_043.png,center,37|39|41|43,-0.19751102531773146,0.0536217986506074,-7.104185323232087
digit,movement,38,movement/digit/images/center_step_038.png|movement/digit/images/center_step_040.png|movement/digit/images/center_step_042.png|movement/digit/images/right_step_000.png,right,38|40|42|0,0.07728669436979395,0.07648676565761871,0.3130422190320369
digit,movement,39,movement/digit/images/center_step_039.png|movement/digit/images/center_step_041.png|movement/digit/images/center_step_043.png|movement/digit/images/right_step_001.png,right,39|41|43|1,0.0805612770153799,0.07602677503940818,0.3135479115002623
digit,movement,40,movement/digit/images/center_step_040.png|movement/digit/images/center_step_042.png|movement/digit/images/right_step_000.png|movement/digit/images/right_step_002.png,right,40|42|0|2,0.08079599276730587,0.07583245699533514,0.2503729908210974
digit,movement,41,movement/digit/images/center_step_041.png|movement/digit/images/center_step_043.png|movement/digit/images/right_step_001.png|movement/digit/images/right_step_003.png,right,41|43|1|3,0.08008704240665677,0.07015749463929931,0.14272015107694191
digit,movement,42,movement/digit/images/center_step_042.png|movement/digit/images/right_step_000.png|movement/digit/images/right_step_002.png|movement/digit/images/right_step_004.png,right,42|0|2|4,0.0896100821827119,0.0758186488157965,-0.07862534205017861
digit,movement,43,movement/digit/images/center_step_043.png|movement/digit/images/right_step_001.png|movement/digit/images/right_step_003.png|movement/digit/images/right_step_005.png,right,43|1|3|5,0.10571376910604263,0.07643505727202854,-0.31144259608091446
digit,movement,44,movement/digit/images/right_step_000.png|movement/digit/images/right_step_002.png|movement/digit/images/right_step_004.png|movement/digit/images/right_step_006.png,right,0|2|4|6,0.10846329372931814,0.09514742091510385,-0.5896479030067506
digit,movement,45,movement/digit/images/right_step_001.png|movement/digit/images/right_step_003.png|movement/digit/images/right_step_005.png|movement/digit/images/right_step_007.png,right,1|3|5|7,0.13289934325489045,0.09631048239715781,-0.9147655355354758
digit,movement,46,movement/digit/images/right_step_002.png|movement/digit/images/right_step_004.png|movement/digit/images/right_step_006.png|movement/digit/images/right_step_008.png,right,2|4|6|8,0.1571795384530743,0.10047448561853772,-1.2617847979450638
digit,movement,47,movement/digit/images/right_step_003.png|movement/digit/images/right_step_005.png|movement/digit/images/right_step_007.png|movement/digit/images/right_step_009.png,right,3|5|7|9,0.19874726796918918,0.11196686050973213,-1.6338392266184372
digit,movement,48,movement/digit/images/right_step_004.png|movement/digit/images/right_step_006.png|movement/digit/images/right_step_008.png|movement/digit/images/right_step_010.png,right,4|6|8|10,0.2090153009394206,0.1323231878302898,-1.927466466307503
digit,movement,49,movement/digit/images/right_step_005.png|movement/digit/images/right_step_007.png|movement/digit/images/right_step_009.png|movement/digit/images/right_step_011.png,right,5|7|9|11,0.20254944871695524,0.14163463929181835,-2.0530478662302807
digit,movement,50,movement/digit/images/right_step_006.png|movement/digit/images/right_step_008.png|movement/digit/images/right_step_010.png|movement/digit/images/right_step_012.png,right,6|8|10|12,0.1936697713202355,0.13621081679725444,-2.1879285836931626
digit,movement,51,movement/digit/images/right_step_007.png|movement/digit/images/right_step_009.png|movement/digit/images/right_step_011.png|movement/digit/images/right_step_013.png,right,7|9|11|13,0.19131256241754419,0.144370511800684,-2.3319848680400557
digit,movement,52,movement/digit/images/right_step_008.png|movement/digit/images/right_step_010.png|movement/digit/images/right_step_012.png|movement/digit/images/right_step_014.png,right,8|10|12|14,0.17855469463944196,0.1436125989559226,-2.4777941312915805
digit,movement,53,movement/digit/images/right_step_009.png|movement/digit/images/right_step_011.png|movement/digit/images/right_step_013.png|movement/digit/images/right_step_015.png,right,9|11|13|15,0.17919412108746474,0.14362953658090838,-2.586440104548143
digit,movement,54,movement/digit/images/right_step_010.png|movement/digit/images/right_step_012.png|movement/digit/images/right_step_014.png|movement/digit/images/right_step_016.png,right,10|12|14|16,0.163505330389348,0.1461176014821896,-2.7794894768278313
digit,movement,55,movement/digit/images/right_step_011.png|movement/digit/images/right_step_013.png|movement/digit/images/right_step_015.png|movement/digit/images/right_step_017.png,right,11|13|15|17,0.15944312532164473,0.14724462918307507,-2.905166007661684
digit,movement,56,movement/digit/images/right_step_012.png|movement/digit/images/right_step_014.png|movement/digit/images/right_step_016.png|movement/digit/images/right_step_018.png,right,12|14|16|18,0.1497373690505736,0.1519742528309888,-3.0486275363519253
digit,movement,57,movement/digit/images/right_step_013.png|movement/digit/images/right_step_015.png|movement/digit/images/right_step_017.png|movement/digit/images/right_step_019.png,right,13|15|17|19,0.1338287211247826,0.14539016692920825,-3.1921517519820313
digit,movement,58,movement/digit/images/right_step_014.png|movement/digit/images/right_step_016.png|movement/digit/images/right_step_018.png|movement/digit/images/right_step_020.png,right,14|16|18|20,0.12934960070167822,0.1587175724031416,-3.337377779632841
digit,movement,59,movement/digit/images/right_step_015.png|movement/digit/images/right_step_017.png|movement/digit/images/right_step_019.png|movement/digit/images/right_step_021.png,right,15|17|19|21,0.11472346609171301,0.15556476976743633,-3.4803438302047187
digit,movement,60,movement/digit/images/right_step_016.png|movement/digit/images/right_step_018.png|movement/digit/images/right_step_020.png|movement/digit/images/right_step_022.png,right,16|18|20|22,0.11631792453905308,0.1636789074853474,-3.6106756240981777
digit,movement,61,movement/digit/images/right_step_017.png|movement/digit/images/right_step_019.png|movement/digit/images/right_step_021.png|movement/digit/images/right_step_023.png,right,17|19|21|23,0.10166464950744881,0.15898971607769746,-3.7591280742289515
digit,movement,62,movement/digit/images/right_step_018.png|movement/digit/images/right_step_020.png|movement/digit/images/right_step_022.png|movement/digit/images/right_step_024.png,right,18|20|22|24,0.08737737165236388,0.16603817657248654,-3.9159351775499527
digit,movement,63,movement/digit/images/right_step_019.png|movement/digit/images/right_step_021.png|movement/digit/images/right_step_023.png|movement/digit/images/right_step_025.png,right,19|21|23|25,0.08254443523225734,0.16792437680152278,-4.042197717153949
digit,movement,64,movement/digit/images/right_step_020.png|movement/digit/images/right_step_022.png|movement/digit/images/right_step_024.png|movement/digit/images/right_step_026.png,right,20|22|24|26,0.06884293093713752,0.16536295863470613,-4.1977572024031335
digit,movement,65,movement/digit/images/right_step_021.png|movement/digit/images/right_step_023.png|movement/digit/images/right_step_025.png|movement/digit/images/right_step_027.png,right,21|23|25|27,0.06346475940213255,0.1742508078147964,-4.344053465070166
digit,movement,66,movement/digit/images/right_step_022.png|movement/digit/images/right_step_024.png|movement/digit/images/right_step_026.png|movement/digit/images/right_step_028.png,right,22|24|26|28,0.04677275458897862,0.16217701958704128,-4.475960707306822
digit,movement,67,movement/digit/images/right_step_023.png|movement/digit/images/right_step_025.png|movement/digit/images/right_step_027.png|movement/digit/images/right_step_029.png,right,23|25|27|29,0.03404062561312848,0.17136502816398952,-4.635863920093759
digit,movement,68,movement/digit/images/right_step_024.png|movement/digit/images/right_step_026.png|movement/digit/images/right_step_028.png|movement/digit/images/right_step_030.png,right,24|26|28|30,0.027974119589472702,0.16619247228452966,-4.763885512914985
digit,movement,69,movement/digit/images/right_step_025.png|movement/digit/images/right_step_027.png|movement/digit/images/right_step_029.png|movement/digit/images/right_step_031.png,right,25|27|29|31,0.0140347757851392,0.17094067289403841,-4.9036055565188565
digit,movement,70,movement/digit/images/right_step_026.png|movement/digit/images/right_step_028.png|movement/digit/images/right_step_030.png|movement/digit/images/right_step_032.png,right,26|28|30|32,-0.004732251643199355,0.17019606751245486,-5.051949349701625
digit,movement,71,movement/digit/images/right_step_027.png|movement/digit/images/right_step_029.png|movement/digit/images/right_step_031.png|movement/digit/images/right_step_033.png,right,27|29|31|33,-0.012323318165470184,0.17783543208622143,-5.209603132233205
digit,movement,72,movement/digit/images/right_step_028.png|movement/digit/images/right_step_030.png|movement/digit/images/right_step_032.png|movement/digit/images/right_step_034.png,right,28|30|32|34,-0.026399005619361343,0.17108425300390867,-5.33608195690792
digit,movement,73,movement/digit/images/right_step_029.png|movement/digit/images/right_step_031.png|movement/digit/images/right_step_033.png|movement/digit/images/right_step_035.png,right,29|31|33|35,-0.02454557438663405,0.16813812357842095,-5.4620267767323645
digit,movement,74,movement/digit/images/right_step_030.png|movement/digit/images/right_step_032.png|movement/digit/images/right_step_034.png|movement/digit/images/right_step_036.png,right,30|32|34|36,-0.0439911834803948,0.1708881202628404,-5.593245293913007
digit,movement,75,movement/digit/images/right_step_031.png|movement/digit/images/right_step_033.png|movement/digit/images/right_step_035.png|movement/digit/images/right_step_037.png,right,31|33|35|37,-0.06585360362094399,0.16702224531076054,-5.731339213851278
digit,movement,76,movement/digit/images/right_step_032.png|movement/digit/images/right_step_034.png|movement/digit/images/right_step_036.png|movement/digit/images/right_step_038.png,right,32|34|36|38,-0.06068468397020307,0.18587641200708738,-5.911815668256786
digit,movement,77,movement/digit/images/right_step_033.png|movement/digit/images/right_step_035.png|movement/digit/images/right_step_037.png|movement/digit/images/right_step_039.png,right,33|35|37|39,-0.0839271730485137,0.17520042059257585,-6.0409801042385665
digit,movement,78,movement/digit/images/right_step_034.png|movement/digit/images/right_step_036.png|movement/digit/images/right_step_038.png|movement/digit/images/right_step_040.png,right,34|36|38|40,-0.08094604294657771,0.19889107315828503,-6.216634054478272
digit,movement,79,movement/digit/images/right_step_035.png|movement/digit/images/right_step_037.png|movement/digit/images/right_step_039.png|movement/digit/images/right_step_041.png,right,35|37|39|41,-0.09779930983458916,0.19205708966460328,-6.311889693854862
digit,movement,80,movement/digit/images/right_step_036.png|movement/digit/images/right_step_038.png|movement/digit/images/right_step_040.png|movement/digit/images/right_step_042.png,right,36|38|40|42,-0.11480635744738528,0.2023718760344846,-6.477007073599257
digit,movement,81,movement/digit/images/right_step_037.png|movement/digit/images/right_step_039.png|movement/digit/images/right_step_041.png|movement/digit/images/right_step_043.png,right,37|39|41|43,-0.12152771638504042,0.19151160455626787,-6.632738604620069
digit,movement,82,movement/digit/images/right_step_038.png|movement/digit/images/right_step_040.png|movement/digit/images/right_step_042.png|movement/digit/images/right_step_044.png,right,38|40|42|44,-0.13853393155428,0.19082065537370102,-6.7732912006921655
digit,movement,83,movement/digit/images/right_step_039.png|movement/digit/images/right_step_041.png|movement/digit/images/right_step_043.png|movement/digit/images/right_step_045.png,right,39|41|43|45,-0.15182968654107487,0.20477825769077623,-6.925945879011999
digit,movement,84,movement/digit/images/right_step_040.png|movement/digit/images/right_step_042.png|movement/digit/images/right_step_044.png|movement/digit/images/right_step_046.png,right,40|42|44|46,-0.16597003755547723,0.18933605344995424,-7.067285385129809
digit,movement,85,movement/digit/images/right_step_041.png|movement/digit/images/right_step_043.png|movement/digit/images/right_step_045.png|movement/digit/images/left_step_000.png,left,41|43|45|0,0.002307268944388513,0.003907063844221251,0.0012601177639033345
digit,movement,86,movement/digit/images/right_step_042.png|movement/digit/images/right_step_044.png|movement/digit/images/right_step_046.png|movement/digit/images/left_step_001.png,left,42|44|46|1,0.0011814256776730564,0.0019728202398121147,-0.001268203614917529
digit,movement,87,movement/digit/images/right_step_043.png|movement/digit/images/right_step_045.png|movement/digit/images/left_step_000.png|movement/digit/images/left_step_002.png,left,43|45|0|2,0.005596352547919417,-0.0005543442225324074,-0.03115965731951964
digit,movement,88,movement/digit/images/right_step_044.png|movement/digit/images/right_step_046.png|movement/digit/images/left_step_001.png|movement/digit/images/left_step_003.png,left,44|46|1|3,0.0031205185872533736,4.501082096318443e-05,-0.10023511244673722
digit,movement,89,movement/digit/images/right_step_045.png|movement/digit/images/left_step_000.png|movement/digit/images/left_step_002.png|movement/digit/images/left_step_004.png,left,45|0|2|4,0.009701508142398188,0.0001806704305084006,-0.23991982367043935
digit,movement,90,movement/digit/images/right_step_046.png|movement/digit/images/left_step_001.png|movement/digit/images/left_step_003.png|movement/digit/images/left_step_005.png,left,46|1|3|5,0.01096881173349705,-0.012375968088075076,-0.4396485658577884
digit,movement,91,movement/digit/images/left_step_000.png|movement/digit/images/left_step_002.png|movement/digit/images/left_step_004.png|movement/digit/images/left_step_006.png,left,0|2|4|6,0.011474537798126572,-0.004076913714605959,-0.6797616972266307
digit,movement,92,movement/digit/images/left_step_001.png|movement/digit/images/left_step_003.png|movement/digit/images/left_step_005.png|movement/digit/images/left_step_007.png,left,1|3|5|7,0.03978324040037544,-0.006265437187748607,-0.9327352699864037
digit,movement,93,movement/digit/images/left_step_002.png|movement/digit/images/left_step_004.png|movement/digit/images/left_step_006.png|movement/digit/images/left_step_008.png,left,2|4|6|8,0.04429439149707365,-0.019288303012004335,-1.2761832404357907
digit,movement,94,movement/digit/images/left_step_003.png|movement/digit/images/left_step_005.png|movement/digit/images/left_step_007.png|movement/digit/images/left_step_009.png,left,3|5|7|9,0.08328348500383004,-0.030008472877693773,-1.6133258654834766
digit,movement,95,movement/digit/images/left_step_004.png|movement/digit/images/left_step_006.png|movement/digit/images/left_step_008.png|movement/digit/images/left_step_010.png,left,4|6|8|10,0.10463700421775943,-0.04656446206631383,-1.9749169179697748
digit,movement,96,movement/digit/images/left_step_005.png|movement/digit/images/left_step_007.png|movement/digit/images/left_step_009.png|movement/digit/images/left_step_011.png,left,5|7|9|11,0.12746396641041352,0.0013766659629193267,-2.212358179701031
digit,movement,97,movement/digit/images/left_step_006.png|movement/digit/images/left_step_008.png|movement/digit/images/left_step_010.png|movement/digit/images/left_step_012.png,left,6|8|10|12,0.1224210294930917,-0.0020141061482281675,-2.352965120530858
digit,movement,98,movement/digit/images/left_step_007.png|movement/digit/images/left_step_009.png|movement/digit/images/left_step_011.png|movement/digit/images/left_step_013.png,left,7|9|11|13,0.11710518404472076,-0.0023563587986024648,-2.512365644016643
digit,movement,99,movement/digit/images/left_step_008.png|movement/digit/images/left_step_010.png|movement/digit/images/left_step_012.png|movement/digit/images/left_step_014.png,left,8|10|12|14,0.1094229566756082,-0.0062338472881215135,-2.652754551244692
digit,movement,100,movement/digit/images/left_step_009.png|movement/digit/images/left_step_011.png|movement/digit/images/left_step_013.png|movement/digit/images/left_step_015.png,left,9|11|13|15,0.10695510584731549,0.0010053550277017709,-2.7885489938043886
digit,movement,101,movement/digit/images/left_step_010.png|movement/digit/images/left_step_012.png|movement/digit/images/left_step_014.png|movement/digit/images/left_step_016.png,left,10|12|14|16,0.09449769093033183,-0.01002805564684036,-2.94947401331832
digit,movement,102,movement/digit/images/left_step_011.png|movement/digit/images/left_step_013.png|movement/digit/images/left_step_015.png|movement/digit/images/left_step_017.png,left,11|13|15|17,0.08925937343803944,-0.00476301674224576,-3.091521239648331
digit,movement,103,movement/digit/images/left_step_012.png|movement/digit/images/left_step_014.png|movement/digit/images/left_step_016.png|movement/digit/images/left_step_018.png,left,12|14|16|18,0.08941575460322304,-0.0016715911775783132,-3.269474831706294
digit,movement,104,movement/digit/images/left_step_013.png|movement/digit/images/left_step_015.png|movement/digit/images/left_step_017.png|movement/digit/images/left_step_019.png,left,13|15|17|19,0.06888532498903052,-0.012296739360343749,-3.3921031390341336
digit,movement,105,movement/digit/images/left_step_014.png|movement/digit/images/left_step_016.png|movement/digit/images/left_step_018.png|movement/digit/images/left_step_020.png,left,14|16|18|20,0.07134613149373348,-0.009859087962170124,-3.5198092829717846
digit,movement,106,movement/digit/images/left_step_015.png|movement/digit/images/left_step_017.png|movement/digit/images/left_step_019.png|movement/digit/images/left_step_021.png,left,15|17|19|21,0.05777404231030317,-0.011180852249873717,-3.6889458814653886
digit,movement,107,movement/digit/images/left_step_016.png|movement/digit/images/left_step_018.png|movement/digit/images/left_step_020.png|movement/digit/images/left_step_022.png,left,16|18|20|22,0.05626679154953712,-0.009047700054484575,-3.8308594625801358
digit,movement,108,movement/digit/images/left_step_017.png|movement/digit/images/left_step_019.png|movement/digit/images/left_step_021.png|movement/digit/images/left_step_023.png,left,17|19|21|23,0.044837114234104414,-0.006544560388090523,-3.9725948461766216
digit,movement,109,movement/digit/images/left_step_018.png|movement/digit/images/left_step_020.png|movement/digit/images/left_step_022.png|movement/digit/images/left_step_024.png,left,18|20|22|24,0.03138136883062283,-0.0017376005883276563,-4.115641190470686
digit,movement,110,movement/digit/images/left_step_019.png|movement/digit/images/left_step_021.png|movement/digit/images/left_step_023.png|movement/digit/images/left_step_025.png,left,19|21|23|25,0.028411438739379916,-0.0014078031412065317,-4.26139701659033
digit,movement,111,movement/digit/images/left_step_020.png|movement/digit/images/left_step_022.png|movement/digit/images/left_step_024.png|movement/digit/images/left_step_026.png,left,20|22|24|26,0.01861547099260677,-0.01027614492943111,-4.406657951032277
digit,movement,112,movement/digit/images/left_step_021.png|movement/digit/images/left_step_023.png|movement/digit/images/left_step_025.png|movement/digit/images/left_step_027.png,left,21|23|25|27,0.008184562666304851,-0.00573362681636469,-4.527873230157765
digit,movement,113,movement/digit/images/left_step_022.png|movement/digit/images/left_step_024.png|movement/digit/images/left_step_026.png|movement/digit/images/left_step_028.png,left,22|24|26|28,0.007142770246601232,-0.006866171019639086,-4.6577422628242395
digit,movement,114,movement/digit/images/left_step_023.png|movement/digit/images/left_step_025.png|movement/digit/images/left_step_027.png|movement/digit/images/left_step_029.png,left,23|25|27|29,-0.0048213324821578946,-0.004760170781199752,-4.817527923950669
digit,movement,115,movement/digit/images/left_step_024.png|movement/digit/images/left_step_026.png|movement/digit/images/left_step_028.png|movement/digit/images/left_step_030.png,left,24|26|28|30,-0.006721447870326774,-0.007690123642331084,-4.961087648602097
digit,movement,116,movement/digit/images/left_step_025.png|movement/digit/images/left_step_027.png|movement/digit/images/left_step_029.png|movement/digit/images/left_step_031.png,left,25|27|29|31,-0.023076280770356596,0.0030802659118588094,-5.1412878407009295
digit,movement,117,movement/digit/images/left_step_026.png|movement/digit/images/left_step_028.png|movement/digit/images/left_step_030.png|movement/digit/images/left_step_032.png,left,26|28|30|32,-0.03486371440963523,-0.007256809949908377,-5.269257516284265
digit,movement,118,movement/digit/images/left_step_027.png|movement/digit/images/left_step_029.png|movement/digit/images/left_step_031.png|movement/digit/images/left_step_033.png,left,27|29|31|33,-0.040024981903548196,-0.0031381304320032,-5.381346424132013
digit,movement,119,movement/digit/images/left_step_028.png|movement/digit/images/left_step_030.png|movement/digit/images/left_step_032.png|movement/digit/images/left_step_034.png,left,28|30|32|34,-0.05648250836171176,-0.011182393493383548,-5.562604975238545
digit,movement,120,movement/digit/images/left_step_029.png|movement/digit/images/left_step_031.png|movement/digit/images/left_step_033.png|movement/digit/images/left_step_035.png,left,29|31|33|35,-0.05215307680769197,-0.0037617698907838615,-5.679297745823562
digit,movement,121,movement/digit/images/left_step_030.png|movement/digit/images/left_step_032.png|movement/digit/images/left_step_034.png|movement/digit/images/left_step_036.png,left,30|32|34|36,-0.06595670033747118,-0.00550534389111651,-5.821610654659803
digit,movement,122,movement/digit/images/left_step_031.png|movement/digit/images/left_step_033.png|movement/digit/images/left_step_035.png|movement/digit/images/left_step_037.png,left,31|33|35|37,-0.08365427940507802,-0.0069190948448673295,-5.97995443585067
digit,movement,123,movement/digit/images/left_step_032.png|movement/digit/images/left_step_034.png|movement/digit/images/left_step_036.png|movement/digit/images/left_step_038.png,left,32|34|36|38,-0.07807650484651335,-0.003973627231465909,-6.125055534221705
digit,movement,124,movement/digit/images/left_step_033.png|movement/digit/images/left_step_035.png|movement/digit/images/left_step_037.png|movement/digit/images/left_step_039.png,left,33|35|37|39,-0.09968559159572277,-0.008956556978817004,-6.264207856852053
digit,movement,125,movement/digit/images/left_step_034.png|movement/digit/images/left_step_036.png|movement/digit/images/left_step_038.png|movement/digit/images/left_step_040.png,left,34|36|38|40,-0.0981200266133789,0.0015394478223283714,-6.404721450194101
digit,movement,126,movement/digit/images/left_step_035.png|movement/digit/images/left_step_037.png|movement/digit/images/left_step_039.png|movement/digit/images/left_step_041.png,left,35|37|39|41,-0.11617898082092995,-0.004759467636170328,-6.534971144413166
digit,movement,127,movement/digit/images/left_step_036.png|movement/digit/images/left_step_038.png|movement/digit/images/left_step_040.png|movement/digit/images/left_step_042.png,left,36|38|40|42,-0.13297603144540096,-0.003146051069992939,-6.70206538980645
digit,movement,128,movement/digit/images/left_step_037.png|movement/digit/images/left_step_039.png|movement/digit/images/left_step_041.png|movement/digit/images/left_step_043.png,left,37|39|41|43,-0.1352839895141069,-0.00883999774893128,-6.833370586699798
digit,movement,129,movement/digit/images/left_step_038.png|movement/digit/images/left_step_040.png|movement/digit/images/left_step_042.png|movement/digit/images/left_step_044.png,left,38|40|42|44,-0.14312637099252778,-0.010491917895943434,-6.994257499315025
digit,movement,130,movement/digit/images/left_step_039.png|movement/digit/images/left_step_041.png|movement/digit/images/left_step_043.png|movement/digit/images/left_step_045.png,left,39|41|43|45,-0.16662200283944284,-0.015185898527983549,-7.14043088789284
digit,movement,131,movement/digit/images/left_step_040.png|movement/digit/images/left_step_042.png|movement/digit/images/left_step_044.png|movement/digit/images/down_step_000.png,down,40|42|44|0,0.07717469143993709,0.07004200358223134,0.29946076123138143
digit,movement,132,movement/digit/images/left_step_041.png|movement/digit/images/left_step_043.png|movement/digit/images/left_step_045.png|movement/digit/images/down_step_001.png,down,41|43|45|1,0.06526093118313345,0.07399748298027331,0.2256529842413919
digit,movement,133,movement/digit/images/left_step_042.png|movement/digit/images/left_step_044.png|movement/digit/images/down_step_000.png|movement/digit/images/down_step_002.png,down,42|44|0|2,0.0703578672344534,0.09172008408457488,0.060793777316231964
digit,movement,134,movement/digit/images/left_step_043.png|movement/digit/images/left_step_045.png|movement/digit/images/down_step_001.png|movement/digit/images/down_step_003.png,down,43|45|1|3,0.07058735747245064,0.10018115270385469,-0.13764061620258966
digit,movement,135,movement/digit/images/left_step_044.png|movement/digit/images/down_step_000.png|movement/digit/images/down_step_002.png|movement/digit/images/down_step_004.png,down,44|0|2|4,0.09210248190765322,0.10158828659453176,-0.358842258672025
digit,movement,136,movement/digit/images/left_step_045.png|movement/digit/images/down_step_001.png|movement/digit/images/down_step_003.png|movement/digit/images/down_step_005.png,down,45|1|3|5,0.0812754906223678,0.11709781882431478,-0.6169957216792892
digit,movement,137,movement/digit/images/down_step_000.png|movement/digit/images/down_step_002.png|movement/digit/images/down_step_004.png|movement/digit/images/down_step_006.png,down,0|2|4|6,0.08700746847729549,0.10857240027160411,-0.9254392552200359
digit,movement,138,movement/digit/images/down_step_001.png|movement/digit/images/down_step_003.png|movement/digit/images/down_step_005.png|movement/digit/images/down_step_007.png,down,1|3|5|7,0.10801135358524314,0.12338028892694479,-1.2736859037619626
digit,movement,139,movement/digit/images/down_step_002.png|movement/digit/images/down_step_004.png|movement/digit/images/down_step_006.png|movement/digit/images/down_step_008.png,down,2|4|6|8,0.12255872738290252,0.11152958950456744,-1.659966536569201
digit,movement,140,movement/digit/images/down_step_003.png|movement/digit/images/down_step_005.png|movement/digit/images/down_step_007.png|movement/digit/images/down_step_009.png,down,3|5|7|9,0.11947769416254111,0.11768650258064027,-1.8990621706465567
digit,movement,141,movement/digit/images/down_step_004.png|movement/digit/images/down_step_006.png|movement/digit/images/down_step_008.png|movement/digit/images/down_step_010.png,down,4|6|8|10,0.10577263319985214,0.10905065022855866,-2.0241332811704544
digit,movement,142,movement/digit/images/down_step_005.png|movement/digit/images/down_step_007.png|movement/digit/images/down_step_009.png|movement/digit/images/down_step_011.png,down,5|7|9|11,0.09487492831396141,0.11800106349233802,-2.1879982151687565
digit,movement,143,movement/digit/images/down_step_006.png|movement/digit/images/down_step_008.png|movement/digit/images/down_step_010.png|movement/digit/images/down_step_012.png,down,6|8|10|12,0.09181822134496716,0.11461463776647969,-2.2999259981017097
digit,movement,144,movement/digit/images/down_step_007.png|movement/digit/images/down_step_009.png|movement/digit/images/down_step_011.png|movement/digit/images/down_step_013.png,down,7|9|11|13,0.07465623035032358,0.11485054952955184,-2.446231059175638
digit,movement,145,movement/digit/images/down_step_008.png|movement/digit/images/down_step_010.png|movement/digit/images/down_step_012.png|movement/digit/images/down_step_014.png,down,8|10|12|14,0.062280339045487576,0.1207102506033748,-2.5810330177682643
digit,movement,146,movement/digit/images/down_step_009.png|movement/digit/images/down_step_011.png|movement/digit/images/down_step_013.png|movement/digit/images/down_step_015.png,down,9|11|13|15,0.05556980807461023,0.11619383565330618,-2.709074622722621
digit,movement,147,movement/digit/images/down_step_010.png|movement/digit/images/down_step_012.png|movement/digit/images/down_step_014.png|movement/digit/images/down_step_016.png,down,10|12|14|16,0.041443857241155575,0.12208762798631335,-2.856646582816221
digit,movement,148,movement/digit/images/down_step_011.png|movement/digit/images/down_step_013.png|movement/digit/images/down_step_015.png|movement/digit/images/down_step_017.png,down,11|13|15|17,0.0363401295788022,0.11587987922304996,-2.9841194763956658
digit,movement,149,movement/digit/images/down_step_012.png|movement/digit/images/down_step_014.png|movement/digit/images/down_step_016.png|movement/digit/images/down_step_018.png,down,12|14|16|18,0.018947303198821236,0.12524993902458348,-3.0970529381934244
digit,movement,150,movement/digit/images/down_step_013.png|movement/digit/images/down_step_015.png|movement/digit/images/down_step_017.png|movement/digit/images/down_step_019.png,down,13|15|17|19,0.0013643770352748923,0.11641031377744868,-3.2450430927639977
digit,movement,151,movement/digit/images/down_step_014.png|movement/digit/images/down_step_016.png|movement/digit/images/down_step_018.png|movement/digit/images/down_step_020.png,down,14|16|18|20,-0.005848846488100863,0.11037069965565169,-3.3671024260182425
digit,movement,152,movement/digit/images/down_step_015.png|movement/digit/images/down_step_017.png|movement/digit/images/down_step_019.png|movement/digit/images/down_step_021.png,down,15|17|19|21,-0.014305043472135848,0.11098096792384286,-3.5190725776340157
digit,movement,153,movement/digit/images/down_step_016.png|movement/digit/images/down_step_018.png|movement/digit/images/down_step_020.png|movement/digit/images/down_step_022.png,down,16|18|20|22,-0.026410146816080685,0.10310313978613247,-3.6635662543880585
digit,movement,154,movement/digit/images/down_step_017.png|movement/digit/images/down_step_019.png|movement/digit/images/down_step_021.png|movement/digit/images/down_step_023.png,down,17|19|21|23,-0.0389024486240339,0.11269163814061652,-3.781019403743034
digit,movement,155,movement/digit/images/down_step_018.png|movement/digit/images/down_step_020.png|movement/digit/images/down_step_022.png|movement/digit/images/down_step_024.png,down,18|20|22|24,-0.06670668545404707,0.10898194281539438,-3.9439545527769244
digit,movement,156,movement/digit/images/down_step_019.png|movement/digit/images/down_step_021.png|movement/digit/images/down_step_023.png|movement/digit/images/down_step_025.png,down,19|21|23|25,-0.07361097520566573,0.11078156445943445,-4.07430277649337
digit,movement,157,movement/digit/images/down_step_020.png|movement/digit/images/down_step_022.png|movement/digit/images/down_step_024.png|movement/digit/images/down_step_026.png,down,20|22|24|26,-0.08760756986871561,0.11043676213496016,-4.211860840187308
digit,movement,158,movement/digit/images/down_step_021.png|movement/digit/images/down_step_023.png|movement/digit/images/down_step_025.png|movement/digit/images/down_step_027.png,down,21|23|25|27,-0.08724949789296282,0.1187067417179714,-4.345647365518598
digit,movement,159,movement/digit/images/down_step_022.png|movement/digit/images/down_step_024.png|movement/digit/images/down_step_026.png|movement/digit/images/down_step_028.png,down,22|24|26|28,-0.11460290356472712,0.11168336940520891,-4.5050118542237705
digit,movement,160,movement/digit/images/down_step_023.png|movement/digit/images/down_step_025.png|movement/digit/images/down_step_027.png|movement/digit/images/down_step_029.png,down,23|25|27|29,-0.1306487399648855,0.11873584089849865,-4.64023393508387
digit,movement,161,movement/digit/images/down_step_024.png|movement/digit/images/down_step_026.png|movement/digit/images/down_step_028.png|movement/digit/images/down_step_030.png,down,24|26|28|30,-0.13661298804357017,0.1136298035096412,-4.776816188103366
digit,movement,162,movement/digit/images/down_step_025.png|movement/digit/images/down_step_027.png|movement/digit/images/down_step_029.png|movement/digit/images/down_step_031.png,down,25|27|29|31,-0.15433064050953507,0.10725219231046189,-4.906023671397842
digit,movement,163,movement/digit/images/down_step_026.png|movement/digit/images/down_step_028.png|movement/digit/images/down_step_030.png|movement/digit/images/down_step_032.png,down,26|28|30|32,-0.16082223182552186,0.11280501864436371,-5.048994818603504
digit,movement,164,movement/digit/images/down_step_027.png|movement/digit/images/down_step_029.png|movement/digit/images/down_step_031.png|movement/digit/images/down_step_033.png,down,27|29|31|33,-0.18638190509555239,0.10661661359152025,-5.188211232972449
digit,movement,165,movement/digit/images/down_step_028.png|movement/digit/images/down_step_030.png|movement/digit/images/down_step_032.png|movement/digit/images/down_step_034.png,down,28|30|32|34,-0.20160787781009484,0.11833015873754166,-5.331563552497851
digit,movement,166,movement/digit/images/down_step_029.png|movement/digit/images/down_step_031.png|movement/digit/images/down_step_033.png|movement/digit/images/down_step_035.png,down,29|31|33|35,-0.20817544801167154,0.12167112008938262,-5.467670654406257
digit,movement,167,movement/digit/images/down_step_030.png|movement/digit/images/down_step_032.png|movement/digit/images/down_step_034.png|movement/digit/images/down_step_036.png,down,30|32|34|36,-0.22436015631414738,0.12867989375878464,-5.580449188270462
digit,movement,168,movement/digit/images/down_step_031.png|movement/digit/images/down_step_033.png|movement/digit/images/down_step_035.png|movement/digit/images/down_step_037.png,down,31|33|35|37,-0.25317220584836586,0.12529756507197942,-5.747608144380752
digit,movement,169,movement/digit/images/down_step_032.png|movement/digit/images/down_step_034.png|movement/digit/images/down_step_036.png|movement/digit/images/down_step_038.png,down,32|34|36|38,-0.25056354687166205,0.13181872076899986,-5.886032863523994
digit,movement,170,movement/digit/images/down_step_033.png|movement/digit/images/down_step_035.png|movement/digit/images/down_step_037.png|movement/digit/images/down_step_039.png,down,33|35|37|39,-0.2745491347042316,0.13298757365345826,-6.016926721873759
digit,movement,171,movement/digit/images/down_step_034.png|movement/digit/images/down_step_036.png|movement/digit/images/down_step_038.png|movement/digit/images/down_step_040.png,down,34|36|38|40,-0.2765040886360174,0.12620229949190148,-6.156557975076362
digit,movement,172,movement/digit/images/down_step_035.png|movement/digit/images/down_step_037.png|movement/digit/images/down_step_039.png|movement/digit/images/down_step_041.png,down,35|37|39|41,-0.3006581473362714,0.1335146392961904,-6.296393137011728
digit,movement,173,movement/digit/images/down_step_036.png|movement/digit/images/down_step_038.png|movement/digit/images/down_step_040.png|movement/digit/images/down_step_042.png,down,36|38|40|42,-0.31636580132548264,0.12832717784843184,-6.445776631130126
digit,movement,174,movement/digit/images/down_step_037.png|movement/digit/images/down_step_039.png|movement/digit/images/down_step_041.png|movement/digit/images/down_step_043.png,down,37|39|41|43,-0.3346037137086858,0.13316538117325893,-6.536649209006461
digit,movement,175,movement/digit/images/down_step_038.png|movement/digit/images/down_step_040.png|movement/digit/images/down_step_042.png|movement/digit/images/down_step_044.png,down,38|40|42|44,-0.33817517286525667,0.12924260982903962,-6.711019288589265
digit,movement,176,movement/digit/images/down_step_039.png|movement/digit/images/down_step_041.png|movement/digit/images/down_step_043.png|movement/digit/images/down_step_045.png,down,39|41|43|45,-0.3438547819010952,0.13294163351364535,-6.85369160235501
digit,movement,177,movement/digit/images/down_step_040.png|movement/digit/images/down_step_042.png|movement/digit/images/down_step_044.png|movement/digit/images/down_step_046.png,down,40|42|44|46,-0.3644573120910737,0.13368565620999162,-7.011734004535416
digit,movement,178,movement/digit/images/down_step_041.png|movement/digit/images/down_step_043.png|movement/digit/images/down_step_045.png|movement/digit/images/up_step_000.png,up,41|43|45|0,0.00967975718758185,0.003154294596972848,-0.005052396517128077
digit,movement,179,movement/digit/images/down_step_042.png|movement/digit/images/down_step_044.png|movement/digit/images/down_step_046.png|movement/digit/images/up_step_001.png,up,42|44|46|1,0.011890815836514093,0.0019171061929611627,-0.014911345722520397
digit,movement,180,movement/digit/images/down_step_043.png|movement/digit/images/down_step_045.png|movement/digit/images/up_step_000.png|movement/digit/images/up_step_002.png,up,43|45|0|2,0.015418425574440675,0.006428062003321328,-0.09258766636372079
digit,movement,181,movement/digit/images/down_step_044.png|movement/digit/images/down_step_046.png|movement/digit/images/up_step_001.png|movement/digit/images/up_step_003.png,up,44|46|1|3,0.008167097308084098,-0.0008524739283271437,-0.24703210598680608
digit,movement,182,movement/digit/images/down_step_045.png|movement/digit/images/up_step_000.png|movement/digit/images/up_step_002.png|movement/digit/images/up_step_004.png,up,45|0|2|4,0.016037630843654227,0.005988962599432893,-0.45099738495240466
digit,movement,183,movement/digit/images/down_step_046.png|movement/digit/images/up_step_001.png|movement/digit/images/up_step_003.png|movement/digit/images/up_step_005.png,up,46|1|3|5,0.02767835344698713,0.003935979463018532,-0.6487162455420586
digit,movement,184,movement/digit/images/up_step_000.png|movement/digit/images/up_step_002.png|movement/digit/images/up_step_004.png|movement/digit/images/up_step_006.png,up,0|2|4|6,0.05053185102695554,0.009874447192070618,-0.92448521635187
digit,movement,185,movement/digit/images/up_step_001.png|movement/digit/images/up_step_003.png|movement/digit/images/up_step_005.png|movement/digit/images/up_step_007.png,up,1|3|5|7,0.08787746876714092,0.008584954452147908,-1.2031118777577379
digit,movement,186,movement/digit/images/up_step_002.png|movement/digit/images/up_step_004.png|movement/digit/images/up_step_006.png|movement/digit/images/up_step_008.png,up,2|4|6|8,0.11155846854828425,-0.00039242545686132835,-1.5131259435792153
digit,movement,187,movement/digit/images/up_step_003.png|movement/digit/images/up_step_005.png|movement/digit/images/up_step_007.png|movement/digit/images/up_step_009.png,up,3|5|7|9,0.13426287798503633,2.1465386286945165e-05,-1.8813909008715022
digit,movement,188,movement/digit/images/up_step_004.png|movement/digit/images/up_step_006.png|movement/digit/images/up_step_008.png|movement/digit/images/up_step_010.png,up,4|6|8|10,0.18431366074648706,0.04240451198418285,-2.240737132957259
digit,movement,189,movement/digit/images/up_step_005.png|movement/digit/images/up_step_007.png|movement/digit/images/up_step_009.png|movement/digit/images/up_step_011.png,up,5|7|9|11,0.1936821271938778,0.04532842714133514,-2.398433901323938
digit,movement,190,movement/digit/images/up_step_006.png|movement/digit/images/up_step_008.png|movement/digit/images/up_step_010.png|movement/digit/images/up_step_012.png,up,6|8|10|12,0.21208025394275568,0.03263885344124329,-2.5748764419686934
digit,movement,191,movement/digit/images/up_step_007.png|movement/digit/images/up_step_009.png|movement/digit/images/up_step_011.png|movement/digit/images/up_step_013.png,up,7|9|11|13,0.1924385773481269,0.04370798869697157,-2.6805944330100955
digit,movement,192,movement/digit/images/up_step_008.png|movement/digit/images/up_step_010.png|movement/digit/images/up_step_012.png|movement/digit/images/up_step_014.png,up,8|10|12|14,0.19070255130578187,0.03611487979850464,-2.824707151116515
digit,movement,193,movement/digit/images/up_step_009.png|movement/digit/images/up_step_011.png|movement/digit/images/up_step_013.png|movement/digit/images/up_step_015.png,up,9|11|13|15,0.18989598302000635,0.041384101316506605,-2.9721111418308124
digit,movement,194,movement/digit/images/up_step_010.png|movement/digit/images/up_step_012.png|movement/digit/images/up_step_014.png|movement/digit/images/up_step_016.png,up,10|12|14|16,0.18581303596182977,0.04095553355703341,-3.1217564189180127
digit,movement,195,movement/digit/images/up_step_011.png|movement/digit/images/up_step_013.png|movement/digit/images/up_step_015.png|movement/digit/images/up_step_017.png,up,11|13|15|17,0.18450558719102497,0.044756296074410645,-3.2694527208909507
digit,movement,196,movement/digit/images/up_step_012.png|movement/digit/images/up_step_014.png|movement/digit/images/up_step_016.png|movement/digit/images/up_step_018.png,up,12|14|16|18,0.18087117652195953,0.038167913374422296,-3.4002769168670826
digit,movement,197,movement/digit/images/up_step_013.png|movement/digit/images/up_step_015.png|movement/digit/images/up_step_017.png|movement/digit/images/up_step_019.png,up,13|15|17|19,0.16790653455752239,0.0424522712043757,-3.5847193792941003
digit,movement,198,movement/digit/images/up_step_014.png|movement/digit/images/up_step_016.png|movement/digit/images/up_step_018.png|movement/digit/images/up_step_020.png,up,14|16|18|20,0.17056599126273755,0.04368774621351457,-3.7047507964230872
digit,movement,199,movement/digit/images/up_step_015.png|movement/digit/images/up_step_017.png|movement/digit/images/up_step_019.png|movement/digit/images/up_step_021.png,up,15|17|19|21,0.16079982071873392,0.03857829056934206,-3.8663771034621104
digit,movement,200,movement/digit/images/up_step_016.png|movement/digit/images/up_step_018.png|movement/digit/images/up_step_020.png|movement/digit/images/up_step_022.png,up,16|18|20|22,0.15147833656144255,0.04617254091529421,-4.026611353860879
digit,movement,201,movement/digit/images/up_step_017.png|movement/digit/images/up_step_019.png|movement/digit/images/up_step_021.png|movement/digit/images/up_step_023.png,up,17|19|21|23,0.15082510252897205,0.04136434553133671,-4.155102122302446
digit,movement,202,movement/digit/images/up_step_018.png|movement/digit/images/up_step_020.png|movement/digit/images/up_step_022.png|movement/digit/images/up_step_024.png,up,18|20|22|24,0.14055443730590408,0.04972768232344783,-4.3113505186504835
digit,movement,203,movement/digit/images/up_step_019.png|movement/digit/images/up_step_021.png|movement/digit/images/up_step_023.png|movement/digit/images/up_step_025.png,up,19|21|23|25,0.13944051499992424,0.042476936647441565,-4.435696474809544
digit,movement,204,movement/digit/images/up_step_020.png|movement/digit/images/up_step_022.png|movement/digit/images/up_step_024.png|movement/digit/images/up_step_026.png,up,20|22|24|26,0.132485225904549,0.051157833145786355,-4.59489734636335
digit,movement,205,movement/digit/images/up_step_021.png|movement/digit/images/up_step_023.png|movement/digit/images/up_step_025.png|movement/digit/images/up_step_027.png,up,21|23|25|27,0.12588431613890086,0.04171963483782665,-4.7388511438151015
digit,movement,206,movement/digit/images/up_step_022.png|movement/digit/images/up_step_024.png|movement/digit/images/up_step_026.png|movement/digit/images/up_step_028.png,up,22|24|26|28,0.12262399935557317,0.05052822592755961,-4.89168855355038
digit,movement,207,movement/digit/images/up_step_023.png|movement/digit/images/up_step_025.png|movement/digit/images/up_step_027.png|movement/digit/images/up_step_029.png,up,23|25|27|29,0.10896075647997791,0.040363848115440845,-5.037237720684319
digit,movement,208,movement/digit/images/up_step_024.png|movement/digit/images/up_step_026.png|movement/digit/images/up_step_028.png|movement/digit/images/up_step_030.png,up,24|26|28|30,0.1068637185592867,0.0514441154762067,-5.206688206761988
digit,movement,209,movement/digit/images/up_step_025.png|movement/digit/images/up_step_027.png|movement/digit/images/up_step_029.png|movement/digit/images/up_step_031.png,up,25|27|29|31,0.10065943482877943,0.05957836174336778,-5.339661989583773
digit,movement,210,movement/digit/images/up_step_026.png|movement/digit/images/up_step_028.png|movement/digit/images/up_step_030.png|movement/digit/images/up_step_032.png,up,26|28|30|32,0.08490487248808218,0.050613927220966054,-5.510112168921181
digit,movement,211,movement/digit/images/up_step_027.png|movement/digit/images/up_step_029.png|movement/digit/images/up_step_031.png|movement/digit/images/up_step_033.png,up,27|29|31|33,0.08029877375207423,0.05846118994027116,-5.642213803461994
digit,movement,212,movement/digit/images/up_step_028.png|movement/digit/images/up_step_030.png|movement/digit/images/up_step_032.png|movement/digit/images/up_step_034.png,up,28|30|32|34,0.0694785922124736,0.05278947917414058,-5.783506925306788
digit,movement,213,movement/digit/images/up_step_029.png|movement/digit/images/up_step_031.png|movement/digit/images/up_step_033.png|movement/digit/images/up_step_035.png,up,29|31|33|35,0.06525607099529065,0.06219177099499451,-5.945300665827458
digit,movement,214,movement/digit/images/up_step_030.png|movement/digit/images/up_step_032.png|movement/digit/images/up_step_034.png|movement/digit/images/up_step_036.png,up,30|32|34|36,0.049246984920338244,0.0609785960347671,-6.079298780909326
digit,movement,215,movement/digit/images/up_step_031.png|movement/digit/images/up_step_033.png|movement/digit/images/up_step_035.png|movement/digit/images/up_step_037.png,up,31|33|35|37,0.04244275973499259,0.06482094937956226,-6.251994771097273
digit,movement,216,movement/digit/images/up_step_032.png|movement/digit/images/up_step_034.png|movement/digit/images/up_step_036.png|movement/digit/images/up_step_038.png,up,32|34|36|38,0.048602745769110334,0.05925752723010766,-6.380549862453291
digit,movement,217,movement/digit/images/up_step_033.png|movement/digit/images/up_step_035.png|movement/digit/images/up_step_037.png|movement/digit/images/up_step_039.png,up,33|35|37|39,0.03326935380536147,0.049139320406043935,-6.539805367281022
digit,movement,218,movement/digit/images/up_step_034.png|movement/digit/images/up_step_036.png|movement/digit/images/up_step_038.png|movement/digit/images/up_step_040.png,up,34|36|38|40,0.01713097486711107,0.046386325858460226,-6.689197055692258
digit,movement,219,movement/digit/images/up_step_035.png|movement/digit/images/up_step_037.png|movement/digit/images/up_step_039.png|movement/digit/images/up_step_041.png,up,35|37|39|41,0.0193025907445821,0.03895308276396488,-6.831605663836861
digit,movement,220,movement/digit/images/up_step_036.png|movement/digit/images/up_step_038.png|movement/digit/images/up_step_040.png|movement/digit/images/up_step_042.png,up,36|38|40|42,0.005700058845563349,0.04349205208125906,-7.005469293892488
gelsight,movement,0,movement/gelsight/images/center_step_000.png|movement/gelsight/images/center_step_002.png|movement/gelsight/images/center_step_004.png|movement/gelsight/images/center_step_006.png,center,0|2|4|6,0.04449179675631501,0.038247775165293776,-1.4476283920749533
gelsight,movement,1,movement/gelsight/images/center_step_001.png|movement/gelsight/images/center_step_003.png|movement/gelsight/images/center_step_005.png|movement/gelsight/images/center_step_007.png,center,1|3|5|7,0.033110090589157204,0.011992760136853645,-1.6689392428392993
gelsight,movement,2,movement/gelsight/images/center_step_002.png|movement/gelsight/images/center_step_004.png|movement/gelsight/images/center_step_006.png|movement/gelsight/images/center_step_008.png,center,2|4|6|8,-0.017642748782206757,0.007470686019640432,-1.8640776174050915
gelsight,movement,3,movement/gelsight/images/center_step_003.png|movement/gelsight/images/center_step_005.png|movement/gelsight/images/center_step_007.png|movement/gelsight/images/center_step_009.png,center,3|5|7|9,-0.029605512355974722,0.022147154051563728,-1.9560965781150124
gelsight,movement,4,movement/gelsight/images/center_step_004.png|movement/gelsight/images/center_step_006.png|movement/gelsight/images/center_step_008.png|movement/gelsight/images/center_step_010.png,center,4|6|8|10,-0.03513273365295175,0.026032251072464055,-2.0637048101090287
gelsight,movement,5,movement/gelsight/images/center_step_005.png|movement/gelsight/images/center_step_007.png|movement/gelsight/images/center_step_009.png|movement/gelsight/images/center_step_011.png,center,5|7|9|11,-0.03789438780295103,0.03156311138334361,-2.167815594721786
gelsight,movement,6,movement/gelsight/images/center_step_006.png|movement/gelsight/images/center_step_008.png|movement/gelsight/images/center_step_010.png|movement/gelsight/images/center_step_012.png,center,6|8|10|12,-0.04418288546145387,0.02974868265277042,-2.260444861945667
gelsight,movement,7,movement/gelsight/images/center_step_007.png|movement/gelsight/images/center_step_009.png|movement/gelsight/images/center_step_011.png|movement/gelsight/images/center_step_013.png,center,7|9|11|13,-0.03243115295356923,0.029477003117933387,-2.3570266356947585
gelsight,movement,8,movement/gelsight/images/center_step_008.png|movement/gelsight/images/center_step_010.png|movement/gelsight/images/center_step_012.png|movement/gelsight/images/center_step_014.png,center,8|10|12|14,-0.039111020873358576,0.03778369239516237,-2.4736084754939185
gelsight,movement,9,movement/gelsight/images/center_step_009.png|movement/gelsight/images/center_step_011.png|movement/gelsight/images/center_step_013.png|movement/gelsight/images/center_step_015.png,center,9|11|13|15,-0.021303288878316937,0.02820145271610784,-2.587202617144185
gelsight,movement,10,movement/gelsight/images/center_step_010.png|movement/gelsight/images/center_step_012.png|movement/gelsight/images/center_step_014.png|movement/gelsight/images/center_step_016.png,center,10|12|14|16,-0.0294166431179176,0.032897377346426435,-2.6796325066155613
gelsight,movement,11,movement/gelsight/images/center_step_011.png|movement/gelsight/images/center_step_013.png|movement/gelsight/images/center_step_015.png|movement/gelsight/images/center_step_017.png,center,11|13|15|17,-0.020899444520628252,0.032800972368393605,-2.7948138670101677
gelsight,movement,12,movement/gelsight/images/center_step_012.png|movement/gelsight/images/center_step_014.png|movement/gelsight/images/center_step_016.png|movement/gelsight/images/center_step_018.png,center,12|14|16|18,-0.034194302103720466,0.03335690769653389,-2.9076414720576285
gelsight,movement,13,movement/gelsight/images/center_step_013.png|movement/gelsight/images/center_step_015.png|movement/gelsight/images/center_step_017.png|movement/gelsight/images/center_step_019.png,center,13|15|17|19,-0.016865464322061555,0.03491326532958117,-3.006761204494272
gelsight,movement,14,movement/gelsight/images/center_step_014.png|movement/gelsight/images/center_step_016.png|movement/gelsight/images/center_step_018.png|movement/gelsight/images/center_step_020.png,center,14|16|18|20,-0.01816472234456301,0.04256378272099208,-3.1532936928489708
gelsight,movement,15,movement/gelsight/images/center_step_015.png|movement/gelsight/images/center_step_017.png|movement/gelsight/images/center_step_019.png|movement/gelsight/images/center_step_021.png,center,15|17|19|21,-0.010195929159001166,0.03470094755934283,-3.253834456428028
gelsight,movement,16,movement/gelsight/images/center_step_016.png|movement/gelsight/images/center_step_018.png|movement/gelsight/images/center_step_020.png|movement/gelsight/images/center_step_022.png,center,16|18|20|22,-0.01693584588379153,0.041370981959746256,-3.360741310548301
gelsight,movement,17,movement/gelsight/images/center_step_017.png|movement/gelsight/images/center_step_019.png|movement/gelsight/images/center_step_021.png|movement/gelsight/images/center_step_023.png,center,17|19|21|23,-0.010061826617940473,0.03802215739148436,-3.477530378901466
gelsight,movement,18,movement/gelsight/images/center_step_018.png|movement/gelsight/images/center_step_020.png|movement/gelsight/images/center_step_022.png|movement/gelsight/images/center_step_024.png,center,18|20|22|24,-0.012520801274126761,0.04729896224790313,-3.5765729871255783
gelsight,movement,19,movement/gelsight/images/center_step_019.png|movement/gelsight/images/center_step_021.png|movement/gelsight/images/center_step_023.png|movement/gelsight/images/center_step_025.png,center,19|21|23|25,-0.01281029935783988,0.043066875702854154,-3.702576212818388
gelsight,movement,20,movement/gelsight/images/center_step_020.png|movement/gelsight/images/center_step_022.png|movement/gelsight/images/center_step_024.png|movement/gelsight/images/center_step_026.png,center,20|22|24|26,-0.013314438131814044,0.057348088181255294,-3.8294313913949805
gelsight,movement,21,movement/gelsight/images/center_step_021.png|movement/gelsight/images/center_step_023.png|movement/gelsight/images/center_step_025.png|movement/gelsight/images/center_step_027.png,center,21|23|25|27,0.013124083653643343,0.049938841325138025,-3.97395185312011
gelsight,movement,22,movement/gelsight/images/center_step_022.png|movement/gelsight/images/center_step_024.png|movement/gelsight/images/center_step_026.png|movement/gelsight/images/center_step_028.png,center,22|24|26|28,0.0038399263398596756,0.06247673136925401,-4.064385983780699
gelsight,movement,23,movement/gelsight/images/center_step_023.png|movement/gelsight/images/center_step_025.png|movement/gelsight/images/center_step_027.png|movement/gelsight/images/center_step_029.png,center,23|25|27|29,0.006521829624973968,0.05145513582145557,-4.147541964758419
gelsight,movement,24,movement/gelsight/images/center_step_024.png|movement/gelsight/images/center_step_026.png|movement/gelsight/images/center_step_028.png|movement/gelsight/images/center_step_030.png,center,24|26|28|30,0.005447961372294391,0.05308278734055473,-4.278220307597905
gelsight,movement,25,movement/gelsight/images/center_step_025.png|movement/gelsight/images/center_step_027.png|movement/gelsight/images/center_step_029.png|movement/gelsight/images/center_step_031.png,center,25|27|29|31,0.018999344783280414,0.05603443871405665,-4.398535972426928
gelsight,movement,26,movement/gelsight/images/center_step_026.png|movement/gelsight/images/center_step_028.png|movement/gelsight/images/center_step_030.png|movement/gelsight/images/center_step_032.png,center,26|28|30|32,0.0017177013116935619,0.06140154578361427,-4.510740654490614
gelsight,movement,27,movement/gelsight/images/center_step_027.png|movement/gelsight/images/center_step_029.png|movement/gelsight/images/center_step_031.png|movement/gelsight/images/center_step_033.png,center,27|29|31|33,0.013427799775906288,0.07090865210851398,-4.649204028910643
gelsight,movement,28,movement/gelsight/images/center_step_028.png|movement/gelsight/images/center_step_030.png|movement/gelsight/images/center_step_032.png|movement/gelsight/images/center_step_034.png,center,28|30|32|34,0.012651321701948548,0.06376869287008431,-4.752342143926
gelsight,movement,29,movement/gelsight/images/center_step_029.png|movement/gelsight/images/center_step_031.png|movement/gelsight/images/center_step_033.png|movement/gelsight/images/center_step_035.png,center,29|31|33|35,0.02688510797024124,0.06848634417482262,-4.846508217714845
gelsight,movement,30,movement/gelsight/images/center_step_030.png|movement/gelsight/images/center_step_032.png|movement/gelsight/images/center_step_034.png|movement/gelsight/images/center_step_036.png,center,30|32|34|36,0.013810252122947578,0.06400760026776235,-4.993402165881299
gelsight,movement,31,movement/gelsight/images/center_step_031.png|movement/gelsight/images/center_step_033.png|movement/gelsight/images/center_step_035.png|movement/gelsight/images/center_step_037.png,center,31|33|35|37,0.02982453960229256,0.07853793734834182,-5.099526071004129
gelsight,movement,32,movement/gelsight/images/center_step_032.png|movement/gelsight/images/center_step_034.png|movement/gelsight/images/center_step_036.png|movement/gelsight/images/center_step_038.png,center,32|34|36|38,0.03109460917570063,0.06889199716728296,-5.238596400381806
gelsight,movement,33,movement/gelsight/images/center_step_033.png|movement/gelsight/images/center_step_035.png|movement/gelsight/images/center_step_037.png|movement/gelsight/images/center_step_039.png,center,33|35|37|39,0.03971733487373236,0.07762572417657258,-5.338923303488303
gelsight,movement,34,movement/gelsight/images/center_step_034.png|movement/gelsight/images/center_step_036.png|movement/gelsight/images/center_step_038.png|movement/gelsight/images/center_step_040.png,center,34|36|38|40,0.03290784380619982,0.0784956561153864,-5.454771539249202
gelsight,movement,35,movement/gelsight/images/center_step_035.png|movement/gelsight/images/center_step_037.png|movement/gelsight/images/center_step_039.png|movement/gelsight/images/center_step_041.png,center,35|37|39|41,0.04535999297892179,0.08350245562373691,-5.568460570067823
gelsight,movement,36,movement/gelsight/images/center_step_036.png|movement/gelsight/images/center_step_038.png|movement/gelsight/images/center_step_040.png|movement/gelsight/images/center_step_042.png,center,36|38|40|42,0.043572819646904765,0.07791592446689678,-5.681261334638601
gelsight,movement,37,movement/gelsight/images/center_step_037.png|movement/gelsight/images/center_step_039.png|movement/gelsight/images/center_step_041.png|movement/gelsight/images/center_step_043.png,center,37|39|41|43,0.05078699471909304,0.08461643276111659,-5.795306527058491
gelsight,movement,38,movement/gelsight/images/center_step_038.png|movement/gelsight/images/center_step_040.png|movement/gelsight/images/center_step_042.png|movement/gelsight/images/center_step_044.png,center,38|40|42|44,0.051681096304738244,0.0812195646453144,-5.9195174779447335
gelsight,movement,39,movement/gelsight/images/center_step_039.png|movement/gelsight/images/center_step_041.png|movement/gelsight/images/center_step_043.png|movement/gelsight/images/center_step_045.png,center,39|41|43|45,0.05574506535827012,0.09361541581496384,-6.051479243531088
gelsight,movement,40,movement/gelsight/images/center_step_040.png|movement/gelsight/images/center_step_042.png|movement/gelsight/images/center_step_044.png|movement/gelsight/images/center_step_046.png,center,40|42|44|46,0.06120303265375868,0.0850157137944796,-6.1934039646845065
gelsight,movement,41,movement/gelsight/images/center_step_041.png|movement/gelsight/images/center_step_043.png|movement/gelsight/images/center_step_045.png|movement/gelsight/images/center_step_047.png,center,41|43|45|47,0.07117238996581038,0.09491156367625293,-6.311246362040978
gelsight,movement,42,movement/gelsight/images/center_step_042.png|movement/gelsight/images/center_step_044.png|movement/gelsight/images/center_step_046.png|movement/gelsight/images/center_step_048.png,center,42|44|46|48,0.06436777412710254,0.08790514200287615,-6.4217539555794225
gelsight,movement,43,movement/gelsight/images/center_step_043.png|movement/gelsight/images/center_step_045.png|movement/gelsight/images/center_step_047.png|movement/gelsight/images/center_step_049.png,center,43|45|47|49,0.0863892097403311,0.09620009464449418,-6.5299652019653145
gelsight,movement,44,movement/gelsight/images/center_step_044.png|movement/gelsight/images/center_step_046.png|movement/gelsight/images/center_step_048.png|movement/gelsight/images/center_step_050.png,center,44|46|48|50,0.07856363245415873,0.08994549696955818,-6.64151151800105
gelsight,movement,45,movement/gelsight/images/center_step_045.png|movement/gelsight/images/center_step_047.png|movement/gelsight/images/center_step_049.png|movement/gelsight/images/center_step_051.png,center,45|47|49|51,0.08550047707370695,0.09904529190317753,-6.761010686137758
gelsight,movement,46,movement/gelsight/images/center_step_046.png|movement/gelsight/images/center_step_048.png|movement/gelsight/images/center_step_050.png|movement/gelsight/images/center_step_052.png,center,46|48|50|52,0.08475146488375729,0.08943282206125887,-6.887649356624805
gelsight,movement,47,movement/gelsight/images/center_step_047.png|movement/gelsight/images/center_step_049.png|movement/gelsight/images/center_step_051.png|movement/gelsight/images/center_step_053.png,center,47|49|51|53,0.09590029514119977,0.09372589943554323,-7.007864579294934
gelsight,movement,48,movement/gelsight/images/center_step_048.png|movement/gelsight/images/center_step_050.png|movement/gelsight/images/center_step_052.png|movement/gelsight/images/right_step_000.png,right,48|50|52|0,0.0873421595750955,0.07226694322007152,0.3211132256921734
gelsight,movement,49,movement/gelsight/images/center_step_049.png|movement/gelsight/images/center_step_051.png|movement/gelsight/images/center_step_053.png|movement/gelsight/images/right_step_001.png,right,49|51|53|1,0.09282939518862889,0.07433894596091756,0.24395226267116826
gelsight,movement,50,movement/gelsight/images/center_step_050.png|movement/gelsight/images/center_step_052.png|movement/gelsight/images/right_step_000.png|movement/gelsight/images/right_step_002.png,right,50|52|0|2,0.09048374781978683,0.07884416091001341,0.09765225489299827
gelsight,movement,51,movement/gelsight/images/center_step_051.png|movement/gelsight/images/center_step_053.png|movement/gelsight/images/right_step_001.png|movement/gelsight/images/right_step_003.png,right,51|53|1|3,0.10757660573509138,0.07288623092357568,-0.0952471228678691
gelsight,movement,52,movement/gelsight/images/center_step_052.png|movement/gelsight/images/right_step_000.png|movement/gelsight/images/right_step_002.png|movement/gelsight/images/right_step_004.png,right,52|0|2|4,0.11921315284882295,0.09796145117096978,-0.3181160308647817
gelsight,movement,53,movement/gelsight/images/center_step_053.png|movement/gelsight/images/right_step_001.png|movement/gelsight/images/right_step_003.png|movement/gelsight/images/right_step_005.png,right,53|1|3|5,0.14196353732411443,0.10059325722713616,-0.5465469553229658
gelsight,movement,54,movement/gelsight/images/right_step_000.png|movement/gelsight/images/right_step_002.png|movement/gelsight/images/right_step_004.png|movement/gelsight/images/right_step_006.png,right,0|2|4|6,0.15272110557721802,0.10272970624985957,-0.8775749394593845
gelsight,movement,55,movement/gelsight/images/right_step_001.png|movement/gelsight/images/right_step_003.png|movement/gelsight/images/right_step_005.png|movement/gelsight/images/right_step_007.png,right,1|3|5|7,0.17690837504457657,0.12097855792770495,-1.1715727312345443
gelsight,movement,56,movement/gelsight/images/right_step_002.png|movement/gelsight/images/right_step_004.png|movement/gelsight/images/right_step_006.png|movement/gelsight/images/right_step_008.png,right,2|4|6|8,0.12813115914301018,0.1138981226082102,-1.381660251700989
gelsight,movement,57,movement/gelsight/images/right_step_003.png|movement/gelsight/images/right_step_005.png|movement/gelsight/images/right_step_007.png|movement/gelsight/images/right_step_009.png,right,3|5|7|9,0.0962921400965471,0.12039036311251844,-1.5607725195291469
gelsight,movement,58,movement/gelsight/images/right_step_004.png|movement/gelsight/images/right_step_006.png|movement/gelsight/images/right_step_008.png|movement/gelsight/images/right_step_010.png,right,4|6|8|10,0.07312922404024949,0.10425038681868917,-1.6745347831825077
gelsight,movement,59,movement/gelsight/images/right_step_005.png|movement/gelsight/images/right_step_007.png|movement/gelsight/images/right_step_009.png|movement/gelsight/images/right_step_011.png,right,5|7|9|11,0.07544979405889385,0.1114453325777874,-1.7565507434391834
gelsight,movement,60,movement/gelsight/images/right_step_006.png|movement/gelsight/images/right_step_008.png|movement/gelsight/images/right_step_010.png|movement/gelsight/images/right_step_012.png,right,6|8|10|12,0.0678462205889324,0.10158910012642366,-1.8689187844066182
gelsight,movement,61,movement/gelsight/images/right_step_007.png|movement/gelsight/images/right_step_009.png|movement/gelsight/images/right_step_011.png|movement/gelsight/images/right_step_013.png,right,7|9|11|13,0.07802129614785197,0.10661750247825287,-1.9714425403597255
gelsight,movement,62,movement/gelsight/images/right_step_008.png|movement/gelsight/images/right_step_010.png|movement/gelsight/images/right_step_012.png|movement/gelsight/images/right_step_014.png,right,8|10|12|14,0.06515929894550784,0.10090455475983971,-2.074450055485718
gelsight,movement,63,movement/gelsight/images/right_step_009.png|movement/gelsight/images/right_step_011.png|movement/gelsight/images/right_step_013.png|movement/gelsight/images/right_step_015.png,right,9|11|13|15,0.07524547904945385,0.10687813438110125,-2.191353335183771
gelsight,movement,64,movement/gelsight/images/right_step_010.png|movement/gelsight/images/right_step_012.png|movement/gelsight/images/right_step_014.png|movement/gelsight/images/right_step_016.png,right,10|12|14|16,0.07238709883907474,0.09368434985219017,-2.2937988093925368
gelsight,movement,65,movement/gelsight/images/right_step_011.png|movement/gelsight/images/right_step_013.png|movement/gelsight/images/right_step_015.png|movement/gelsight/images/right_step_017.png,right,11|13|15|17,0.08592577872805748,0.10777404039662979,-2.4145446779273594
gelsight,movement,66,movement/gelsight/images/right_step_012.png|movement/gelsight/images/right_step_014.png|movement/gelsight/images/right_step_016.png|movement/gelsight/images/right_step_018.png,right,12|14|16|18,0.0780172577481966,0.0990194010564141,-2.513670799784183
gelsight,movement,67,movement/gelsight/images/right_step_013.png|movement/gelsight/images/right_step_015.png|movement/gelsight/images/right_step_017.png|movement/gelsight/images/right_step_019.png,right,13|15|17|19,0.08715611076272792,0.10461514522718293,-2.626041059884609
gelsight,movement,68,movement/gelsight/images/right_step_014.png|movement/gelsight/images/right_step_016.png|movement/gelsight/images/right_step_018.png|movement/gelsight/images/right_step_020.png,right,14|16|18|20,0.08113042322798661,0.10316214914216876,-2.73567474150851
gelsight,movement,69,movement/gelsight/images/right_step_015.png|movement/gelsight/images/right_step_017.png|movement/gelsight/images/right_step_019.png|movement/gelsight/images/right_step_021.png,right,15|17|19|21,0.09473775490265703,0.09996297736971944,-2.8468609491338825
gelsight,movement,70,movement/gelsight/images/right_step_016.png|movement/gelsight/images/right_step_018.png|movement/gelsight/images/right_step_020.png|movement/gelsight/images/right_step_022.png,right,16|18|20|22,0.08787382370340144,0.09542556792400027,-2.9911840294374703
gelsight,movement,71,movement/gelsight/images/right_step_017.png|movement/gelsight/images/right_step_019.png|movement/gelsight/images/right_step_021.png|movement/gelsight/images/right_step_023.png,right,17|19|21|23,0.09793080019987128,0.10513784132775535,-3.0818744182994156
gelsight,movement,72,movement/gelsight/images/right_step_018.png|movement/gelsight/images/right_step_020.png|movement/gelsight/images/right_step_022.png|movement/gelsight/images/right_step_024.png,right,18|20|22|24,0.08694845785289673,0.0991881661072504,-3.203943991075878
gelsight,movement,73,movement/gelsight/images/right_step_019.png|movement/gelsight/images/right_step_021.png|movement/gelsight/images/right_step_023.png|movement/gelsight/images/right_step_025.png,right,19|21|23|25,0.100769011093605,0.10385962170996534,-3.299767355422814
gelsight,movement,74,movement/gelsight/images/right_step_020.png|movement/gelsight/images/right_step_022.png|movement/gelsight/images/right_step_024.png|movement/gelsight/images/right_step_026.png,right,20|22|24|26,0.09878757740183622,0.09478176343816591,-3.399187735332038
gelsight,movement,75,movement/gelsight/images/right_step_021.png|movement/gelsight/images/right_step_023.png|movement/gelsight/images/right_step_025.png|movement/gelsight/images/right_step_027.png,right,21|23|25|27,0.10378167856912779,0.10773445078005514,-3.527339832417116
gelsight,movement,76,movement/gelsight/images/right_step_022.png|movement/gelsight/images/right_step_024.png|movement/gelsight/images/right_step_026.png|movement/gelsight/images/right_step_028.png,right,22|24|26|28,0.1006167839625728,0.10436170068391726,-3.6492502615304536
gelsight,movement,77,movement/gelsight/images/right_step_023.png|movement/gelsight/images/right_step_025.png|movement/gelsight/images/right_step_027.png|movement/gelsight/images/right_step_029.png,right,23|25|27|29,0.11580193543548213,0.11838679344027685,-3.777469531741228
gelsight,movement,78,movement/gelsight/images/right_step_024.png|movement/gelsight/images/right_step_026.png|movement/gelsight/images/right_step_028.png|movement/gelsight/images/right_step_030.png,right,24|26|28|30,0.11269673661602084,0.11497957228933366,-3.918180649289231
gelsight,movement,79,movement/gelsight/images/right_step_025.png|movement/gelsight/images/right_step_027.png|movement/gelsight/images/right_step_029.png|movement/gelsight/images/right_step_031.png,right,25|27|29|31,0.12125246907083322,0.12003309927015027,-3.990682681888085
gelsight,movement,80,movement/gelsight/images/right_step_026.png|movement/gelsight/images/right_step_028.png|movement/gelsight/images/right_step_030.png|movement/gelsight/images/right_step_032.png,right,26|28|30|32,0.1131344589368473,0.11098601963973913,-4.112616686854235
gelsight,movement,81,movement/gelsight/images/right_step_027.png|movement/gelsight/images/right_step_029.png|movement/gelsight/images/right_step_031.png|movement/gelsight/images/right_step_033.png,right,27|29|31|33,0.12209050084414327,0.10634277445857199,-4.210588833275052
gelsight,movement,82,movement/gelsight/images/right_step_028.png|movement/gelsight/images/right_step_030.png|movement/gelsight/images/right_step_032.png|movement/gelsight/images/right_step_034.png,right,28|30|32|34,0.12654693501579795,0.1148001822437105,-4.34258698725896
gelsight,movement,83,movement/gelsight/images/right_step_029.png|movement/gelsight/images/right_step_031.png|movement/gelsight/images/right_step_033.png|movement/gelsight/images/right_step_035.png,right,29|31|33|35,0.13494806015744576,0.12144579572018675,-4.455882229040634
gelsight,movement,84,movement/gelsight/images/right_step_030.png|movement/gelsight/images/right_step_032.png|movement/gelsight/images/right_step_034.png|movement/gelsight/images/right_step_036.png,right,30|32|34|36,0.13487090670225563,0.12068752229595725,-4.573640219200597
gelsight,movement,85,movement/gelsight/images/right_step_031.png|movement/gelsight/images/right_step_033.png|movement/gelsight/images/right_step_035.png|movement/gelsight/images/right_step_037.png,right,31|33|35|37,0.14933064371109264,0.11561529448231828,-4.692253573668921
gelsight,movement,86,movement/gelsight/images/right_step_032.png|movement/gelsight/images/right_step_034.png|movement/gelsight/images/right_step_036.png|movement/gelsight/images/right_step_038.png,right,32|34|36|38,0.14375856743283472,0.1345481491919904,-4.810198124751917
gelsight,movement,87,movement/gelsight/images/right_step_033.png|movement/gelsight/images/right_step_035.png|movement/gelsight/images/right_step_037.png|movement/gelsight/images/right_step_039.png,right,33|35|37|39,0.15355416686374845,0.12305317582893438,-4.91908598200242
gelsight,movement,88,movement/gelsight/images/right_step_034.png|movement/gelsight/images/right_step_036.png|movement/gelsight/images/right_step_038.png|movement/gelsight/images/right_step_040.png,right,34|36|38|40,0.14209553453427848,0.1356547101418375,-5.025801377489168
gelsight,movement,89,movement/gelsight/images/right_step_035.png|movement/gelsight/images/right_step_037.png|movement/gelsight/images/right_step_039.png|movement/gelsight/images/right_step_041.png,right,35|37|39|41,0.1629551059426705,0.13175065209736841,-5.153433689985009
gelsight,movement,90,movement/gelsight/images/right_step_036.png|movement/gelsight/images/right_step_038.png|movement/gelsight/images/right_step_040.png|movement/gelsight/images/right_step_042.png,right,36|38|40|42,0.15523918865335787,0.142989222632394,-5.273815134464633
gelsight,movement,91,movement/gelsight/images/right_step_037.png|movement/gelsight/images/right_step_039.png|movement/gelsight/images/right_step_041.png|movement/gelsight/images/right_step_043.png,right,37|39|41|43,0.16443015501946548,0.14487864322874358,-5.396200009658976
gelsight,movement,92,movement/gelsight/images/right_step_038.png|movement/gelsight/images/right_step_040.png|movement/gelsight/images/right_step_042.png|movement/gelsight/images/right_step_044.png,right,38|40|42|44,0.168355447432317,0.15170860694148622,-5.5290535270816115
gelsight,movement,93,movement/gelsight/images/right_step_039.png|movement/gelsight/images/right_step_041.png|movement/gelsight/images/right_step_043.png|movement/gelsight/images/right_step_045.png,right,39|41|43|45,0.1768472666404936,0.14568239967145974,-5.617198412781191
gelsight,movement,94,movement/gelsight/images/right_step_040.png|movement/gelsight/images/right_step_042.png|movement/gelsight/images/right_step_044.png|movement/gelsight/images/right_step_046.png,right,40|42|44|46,0.1765814391620829,0.16000254624446664,-5.75525192218337
gelsight,movement,95,movement/gelsight/images/right_step_041.png|movement/gelsight/images/right_step_043.png|movement/gelsight/images/right_step_045.png|movement/gelsight/images/right_step_047.png,right,41|43|45|47,0.18987106896350667,0.16194849196384675,-5.8689705982124725
gelsight,movement,96,movement/gelsight/images/right_step_042.png|movement/gelsight/images/right_step_044.png|movement/gelsight/images/right_step_046.png|movement/gelsight/images/right_step_048.png,right,42|44|46|48,0.18521792698763223,0.17006960110440117,-5.990593625872403
gelsight,movement,97,movement/gelsight/images/right_step_043.png|movement/gelsight/images/right_step_045.png|movement/gelsight/images/right_step_047.png|movement/gelsight/images/right_step_049.png,right,43|45|47|49,0.20013381131824337,0.1628612371491453,-6.109740164011238
gelsight,movement,98,movement/gelsight/images/right_step_044.png|movement/gelsight/images/right_step_046.png|movement/gelsight/images/right_step_048.png|movement/gelsight/images/right_step_050.png,right,44|46|48|50,0.20265566392258602,0.1715016429769621,-6.2352523586310165
gelsight,movement,99,movement/gelsight/images/right_step_045.png|movement/gelsight/images/right_step_047.png|movement/gelsight/images/right_step_049.png|movement/gelsight/images/right_step_051.png,right,45|47|49|51,0.20342876168094032,0.16688068878841722,-6.328262793835803
gelsight,movement,100,movement/gelsight/images/right_step_046.png|movement/gelsight/images/right_step_048.png|movement/gelsight/images/right_step_050.png|movement/gelsight/images/right_step_052.png,right,46|48|50|52,0.2028379391840226,0.17471458206197923,-6.477751621234551
gelsight,movement,101,movement/gelsight/images/right_step_047.png|movement/gelsight/images/right_step_049.png|movement/gelsight/images/right_step_051.png|movement/gelsight/images/right_step_053.png,right,47|49|51|53,0.21887737390984682,0.17087654098173355,-6.631627826502843
gelsight,movement,102,movement/gelsight/images/right_step_048.png|movement/gelsight/images/right_step_050.png|movement/gelsight/images/right_step_052.png|movement/gelsight/images/right_step_054.png,right,48|50|52|54,0.2245896057145021,0.16782807454121157,-6.7315234636416434
gelsight,movement,103,movement/gelsight/images/right_step_049.png|movement/gelsight/images/right_step_051.png|movement/gelsight/images/right_step_053.png|movement/gelsight/images/right_step_055.png,right,49|51|53|55,0.2265216485299317,0.1662005077632779,-6.829877868010593
gelsight,movement,104,movement/gelsight/images/right_step_050.png|movement/gelsight/images/right_step_052.png|movement/gelsight/images/right_step_054.png|movement/gelsight/images/right_step_056.png,right,50|52|54|56,0.22787332821433734,0.1779479743351538,-6.979347447086616
gelsight,movement,105,movement/gelsight/images/right_step_051.png|movement/gelsight/images/right_step_053.png|movement/gelsight/images/right_step_055.png|movement/gelsight/images/right_step_057.png,right,51|53|55|57,0.23027734473356093,0.1733023831531768,-7.083625833428448
gelsight,movement,106,movement/gelsight/images/right_step_052.png|movement/gelsight/images/right_step_054.png|movement/gelsight/images/right_step_056.png|movement/gelsight/images/left_step_000.png,left,52|54|56|0,-0.014167501613319741,-0.03244090818344897,-0.08877343707594701
gelsight,movement,107,movement/gelsight/images/right_step_053.png|movement/gelsight/images/right_step_055.png|movement/gelsight/images/right_step_057.png|movement/gelsight/images/left_step_001.png,left,53|55|57|1,-0.017828605253486146,-0.018575850880861465,-0.2064622792279461
gelsight,movement,108,movement/gelsight/images/right_step_054.png|movement/gelsight/images/right_step_056.png|movement/gelsight/images/left_step_000.png|movement/gelsight/images/left_step_002.png,left,54|56|0|2,0.0020359198895210234,-0.02313028937196325,-0.38034217654605956
gelsight,movement,109,movement/gelsight/images/right_step_055.png|movement/gelsight/images/right_step_057.png|movement/gelsight/images/left_step_001.png|movement/gelsight/images/left_step_003.png,left,55|57|1|3,0.005945075273864703,-0.009955316981894606,-0.590719540251115
gelsight,movement,110,movement/gelsight/images/right_step_056.png|movement/gelsight/images/left_step_000.png|movement/gelsight/images/left_step_002.png|movement/gelsight/images/left_step_004.png,left,56|0|2|4,0.032677683738294994,-0.03610248060103469,-0.7785016967263285
gelsight,movement,111,movement/gelsight/images/right_step_057.png|movement/gelsight/images/left_step_001.png|movement/gelsight/images/left_step_003.png|movement/gelsight/images/left_step_005.png,left,57|1|3|5,0.0450411899932604,-0.05435816586891254,-1.0575519004258385
gelsight,movement,112,movement/gelsight/images/left_step_000.png|movement/gelsight/images/left_step_002.png|movement/gelsight/images/left_step_004.png|movement/gelsight/images/left_step_006.png,left,0|2|4|6,0.06799790579151777,-0.07831094917475637,-1.2949625196995829
gelsight,movement,113,movement/gelsight/images/left_step_001.png|movement/gelsight/images/left_step_003.png|movement/gelsight/images/left_step_005.png|movement/gelsight/images/left_step_007.png,left,1|3|5|7,0.07429799493425229,-0.06595707160762497,-1.5719361348193637
gelsight,movement,114,movement/gelsight/images/left_step_002.png|movement/gelsight/images/left_step_004.png|movement/gelsight/images/left_step_006.png|movement/gelsight/images/left_step_008.png,left,2|4|6|8,0.03554338005303989,-0.09286534307476133,-1.7298068545927445
gelsight,movement,115,movement/gelsight/images/left_step_003.png|movement/gelsight/images/left_step_005.png|movement/gelsight/images/left_step_007.png|movement/gelsight/images/left_step_009.png,left,3|5|7|9,-0.0040762493803870314,-0.07532154841080235,-1.8530350829939923
gelsight,movement,116,movement/gelsight/images/left_step_004.png|movement/gelsight/images/left_step_006.png|movement/gelsight/images/left_step_008.png|movement/gelsight/images/left_step_010.png,left,4|6|8|10,-0.014054768052593453,-0.04547695717458916,-1.9755073830984768
gelsight,movement,117,movement/gelsight/images/left_step_005.png|movement/gelsight/images/left_step_007.png|movement/gelsight/images/left_step_009.png|movement/gelsight/images/left_step_011.png,left,5|7|9|11,-0.027470155077720076,-0.039545433873126756,-2.073827198735615
gelsight,movement,118,movement/gelsight/images/left_step_006.png|movement/gelsight/images/left_step_008.png|movement/gelsight/images/left_step_010.png|movement/gelsight/images/left_step_012.png,left,6|8|10|12,-0.021040387456512738,-0.04562731354279515,-2.1833198700812217
gelsight,movement,119,movement/gelsight/images/left_step_007.png|movement/gelsight/images/left_step_009.png|movement/gelsight/images/left_step_011.png|movement/gelsight/images/left_step_013.png,left,7|9|11|13,-0.02282352265888654,-0.04216449553753065,-2.2805673456726785
gelsight,movement,120,movement/gelsight/images/left_step_008.png|movement/gelsight/images/left_step_010.png|movement/gelsight/images/left_step_012.png|movement/gelsight/images/left_step_014.png,left,8|10|12|14,-0.022050088093578724,-0.03167111876486184,-2.4059823294836837
gelsight,movement,121,movement/gelsight/images/left_step_009.png|movement/gelsight/images/left_step_011.png|movement/gelsight/images/left_step_013.png|movement/gelsight/images/left_step_015.png,left,9|11|13|15,-0.020145510837544678,-0.032373953418026805,-2.5249956014508457
gelsight,movement,122,movement/gelsight/images/left_step_010.png|movement/gelsight/images/left_step_012.png|movement/gelsight/images/left_step_014.png|movement/gelsight/images/left_step_016.png,left,10|12|14|16,-0.014203553872231753,-0.026285465144389016,-2.6327265428803193
gelsight,movement,123,movement/gelsight/images/left_step_011.png|movement/gelsight/images/left_step_013.png|movement/gelsight/images/left_step_015.png|movement/gelsight/images/left_step_017.png,left,11|13|15|17,-0.019162780913328487,-0.02959701617595334,-2.7447667881783637
gelsight,movement,124,movement/gelsight/images/left_step_012.png|movement/gelsight/images/left_step_014.png|movement/gelsight/images/left_step_016.png|movement/gelsight/images/left_step_018.png,left,12|14|16|18,-0.01152955366153538,-0.0191510803750344,-2.868846217381918
gelsight,movement,125,movement/gelsight/images/left_step_013.png|movement/gelsight/images/left_step_015.png|movement/gelsight/images/left_step_017.png|movement/gelsight/images/left_step_019.png,left,13|15|17|19,0.0008903652152700142,-0.02776668295373677,-2.9521604082128743
gelsight,movement,126,movement/gelsight/images/left_step_014.png|movement/gelsight/images/left_step_016.png|movement/gelsight/images/left_step_018.png|movement/gelsight/images/left_step_020.png,left,14|16|18|20,-0.011718979211577385,-0.020956701803384672,-3.076132459158712
gelsight,movement,127,movement/gelsight/images/left_step_015.png|movement/gelsight/images/left_step_017.png|movement/gelsight/images/left_step_019.png|movement/gelsight/images/left_step_021.png,left,15|17|19|21,0.004060282384498015,-0.01911945333797098,-3.208935343220739
gelsight,movement,128,movement/gelsight/images/left_step_016.png|movement/gelsight/images/left_step_018.png|movement/gelsight/images/left_step_020.png|movement/gelsight/images/left_step_022.png,left,16|18|20|22,-0.0011920151197613166,-0.016408476881027596,-3.3137319397238065
gelsight,movement,129,movement/gelsight/images/left_step_017.png|movement/gelsight/images/left_step_019.png|movement/gelsight/images/left_step_021.png|movement/gelsight/images/left_step_023.png,left,17|19|21|23,0.009497489240980733,-0.01888189628565764,-3.431110346474556
gelsight,movement,130,movement/gelsight/images/left_step_018.png|movement/gelsight/images/left_step_020.png|movement/gelsight/images/left_step_022.png|movement/gelsight/images/left_step_024.png,left,18|20|22|24,-0.00041986775102309526,-0.011510795079164304,-3.5366429118173057
gelsight,movement,131,movement/gelsight/images/left_step_019.png|movement/gelsight/images/left_step_021.png|movement/gelsight/images/left_step_023.png|movement/gelsight/images/left_step_025.png,left,19|21|23|25,0.014777906478536607,-0.02133281851968731,-3.6447765888246697
gelsight,movement,132,movement/gelsight/images/left_step_020.png|movement/gelsight/images/left_step_022.png|movement/gelsight/images/left_step_024.png|movement/gelsight/images/left_step_026.png,left,20|22|24|26,0.010746140955178368,-0.0037598906569865503,-3.7826513587574144
gelsight,movement,133,movement/gelsight/images/left_step_021.png|movement/gelsight/images/left_step_023.png|movement/gelsight/images/left_step_025.png|movement/gelsight/images/left_step_027.png,left,21|23|25|27,0.022731442268976707,-0.009116926518571558,-3.882114299649252
gelsight,movement,134,movement/gelsight/images/left_step_022.png|movement/gelsight/images/left_step_024.png|movement/gelsight/images/left_step_026.png|movement/gelsight/images/left_step_028.png,left,22|24|26|28,0.010333367137315697,-0.007008971856857726,-3.988237161195756
gelsight,movement,135,movement/gelsight/images/left_step_023.png|movement/gelsight/images/left_step_025.png|movement/gelsight/images/left_step_027.png|movement/gelsight/images/left_step_029.png,left,23|25|27|29,0.019994807001725623,-0.010114500651182731,-4.112982395867938
gelsight,movement,136,movement/gelsight/images/left_step_024.png|movement/gelsight/images/left_step_026.png|movement/gelsight/images/left_step_028.png|movement/gelsight/images/left_step_030.png,left,24|26|28|30,0.01877584899970225,-0.007876204699856615,-4.246098835192678
gelsight,movement,137,movement/gelsight/images/left_step_025.png|movement/gelsight/images/left_step_027.png|movement/gelsight/images/left_step_029.png|movement/gelsight/images/left_step_031.png,left,25|27|29|31,0.023159689988907717,-0.009909739758064064,-4.333969686756007
gelsight,movement,138,movement/gelsight/images/left_step_026.png|movement/gelsight/images/left_step_028.png|movement/gelsight/images/left_step_030.png|movement/gelsight/images/left_step_032.png,left,26|28|30|32,0.020788192779287923,-0.0007782025246789448,-4.467364663659904
gelsight,movement,139,movement/gelsight/images/left_step_027.png|movement/gelsight/images/left_step_029.png|movement/gelsight/images/left_step_031.png|movement/gelsight/images/left_step_033.png,left,27|29|31|33,0.03274574781127562,-0.007520075806609808,-4.5931602005515115
gelsight,movement,140,movement/gelsight/images/left_step_028.png|movement/gelsight/images/left_step_030.png|movement/gelsight/images/left_step_032.png|movement/gelsight/images/left_step_034.png,left,28|30|32|34,0.034498671579644924,-0.005555436742488679,-4.72301314076153
gelsight,movement,141,movement/gelsight/images/left_step_029.png|movement/gelsight/images/left_step_031.png|movement/gelsight/images/left_step_033.png|movement/gelsight/images/left_step_035.png,left,29|31|33|35,0.03700846895300988,-0.011459980920802172,-4.807292118164023
gelsight,movement,142,movement/gelsight/images/left_step_030.png|movement/gelsight/images/left_step_032.png|movement/gelsight/images/left_step_034.png|movement/gelsight/images/left_step_036.png,left,30|32|34|36,0.034000716643426604,-0.012412238777115073,-4.922026564804884
gelsight,movement,143,movement/gelsight/images/left_step_031.png|movement/gelsight/images/left_step_033.png|movement/gelsight/images/left_step_035.png|movement/gelsight/images/left_step_037.png,left,31|33|35|37,0.04140389623587029,-0.015635938668804937,-5.033001695025472
gelsight,movement,144,movement/gelsight/images/left_step_032.png|movement/gelsight/images/left_step_034.png|movement/gelsight/images/left_step_036.png|movement/gelsight/images/left_step_038.png,left,32|34|36|38,0.03613434790952169,-0.010558064152142763,-5.169749659125898
gelsight,movement,145,movement/gelsight/images/left_step_033.png|movement/gelsight/images/left_step_035.png|movement/gelsight/images/left_step_037.png|movement/gelsight/images/left_step_039.png,left,33|35|37|39,0.04220296721181091,-0.015573199937072,-5.266902292990997
gelsight,movement,146,movement/gelsight/images/left_step_034.png|movement/gelsight/images/left_step_036.png|movement/gelsight/images/left_step_038.png|movement/gelsight/images/left_step_040.png,left,34|36|38|40,0.03896353466581787,-0.01803542371018562,-5.378480617217225
gelsight,movement,147,movement/gelsight/images/left_step_035.png|movement/gelsight/images/left_step_037.png|movement/gelsight/images/left_step_039.png|movement/gelsight/images/left_step_041.png,left,35|37|39|41,0.051007650323375536,-0.01607233979926903,-5.509452113752387
gelsight,movement,148,movement/gelsight/images/left_step_036.png|movement/gelsight/images/left_step_038.png|movement/gelsight/images/left_step_040.png|movement/gelsight/images/left_step_042.png,left,36|38|40|42,0.04707947089101314,-0.01973313184981365,-5.621903155100057
gelsight,movement,149,movement/gelsight/images/left_step_037.png|movement/gelsight/images/left_step_039.png|movement/gelsight/images/left_step_041.png|movement/gelsight/images/left_step_043.png,left,37|39|41|43,0.05883701093943047,-0.015712573260451612,-5.762696425558737
gelsight,movement,150,movement/gelsight/images/left_step_038.png|movement/gelsight/images/left_step_040.png|movement/gelsight/images/left_step_042.png|movement/gelsight/images/left_step_044.png,left,38|40|42|44,0.055549598852603854,-0.021868802084176228,-5.867378672003731
gelsight,movement,151,movement/gelsight/images/left_step_039.png|movement/gelsight/images/left_step_041.png|movement/gelsight/images/left_step_043.png|movement/gelsight/images/left_step_045.png,left,39|41|43|45,0.055604541751706954,-0.009412392534881554,-5.978991394553934
gelsight,movement,152,movement/gelsight/images/left_step_040.png|movement/gelsight/images/left_step_042.png|movement/gelsight/images/left_step_044.png|movement/gelsight/images/left_step_046.png,left,40|42|44|46,0.05801462165564028,-0.01693498233049885,-6.114220446325868
gelsight,movement,153,movement/gelsight/images/left_step_041.png|movement/gelsight/images/left_step_043.png|movement/gelsight/images/left_step_045.png|movement/gelsight/images/left_step_047.png,left,41|43|45|47,0.06442754689793445,-0.009806899263115287,-6.2563034875203885
gelsight,movement,154,movement/gelsight/images/left_step_042.png|movement/gelsight/images/left_step_044.png|movement/gelsight/images/left_step_046.png|movement/gelsight/images/left_step_048.png,left,42|44|46|48,0.053046305522657905,-0.019529968071508315,-6.353077750178176
gelsight,movement,155,movement/gelsight/images/left_step_043.png|movement/gelsight/images/left_step_045.png|movement/gelsight/images/left_step_047.png|movement/gelsight/images/left_step_049.png,left,43|45|47|49,0.0825399898575398,-0.005284849596715033,-6.490971803065289
gelsight,movement,156,movement/gelsight/images/left_step_044.png|movement/gelsight/images/left_step_046.png|movement/gelsight/images/left_step_048.png|movement/gelsight/images/left_step_050.png,left,44|46|48|50,0.0705195053600676,-0.011883593328955125,-6.608127698895145
gelsight,movement,157,movement/gelsight/images/left_step_045.png|movement/gelsight/images/left_step_047.png|movement/gelsight/images/left_step_049.png|movement/gelsight/images/left_step_051.png,left,45|47|49|51,0.07706802878312807,-0.007735399071650571,-6.703375036728982
gelsight,movement,158,movement/gelsight/images/left_step_046.png|movement/gelsight/images/left_step_048.png|movement/gelsight/images/left_step_050.png|movement/gelsight/images/left_step_052.png,left,46|48|50|52,0.07953210158289883,-0.013039096272979923,-6.833055458829289
gelsight,movement,159,movement/gelsight/images/left_step_047.png|movement/gelsight/images/left_step_049.png|movement/gelsight/images/left_step_051.png|movement/gelsight/images/left_step_053.png,left,47|49|51|53,0.08781192833805562,-0.0019844731190728077,-6.964901478283081
gelsight,movement,160,movement/gelsight/images/left_step_048.png|movement/gelsight/images/left_step_050.png|movement/gelsight/images/left_step_052.png|movement/gelsight/images/left_step_054.png,left,48|50|52|54,0.08182751960946694,-0.017359717212957766,-7.078886197942535
gelsight,movement,161,movement/gelsight/images/left_step_049.png|movement/gelsight/images/left_step_051.png|movement/gelsight/images/left_step_053.png|movement/gelsight/images/down_step_000.png,down,49|51|53|0,0.08999011559223473,0.0751744790787856,0.32576952989589275
gelsight,movement,162,movement/gelsight/images/left_step_050.png|movement/gelsight/images/left_step_052.png|movement/gelsight/images/left_step_054.png|movement/gelsight/images/down_step_001.png,down,50|52|54|1,0.09418312428804058,0.07134877590034079,0.30322208133694506
gelsight,movement,163,movement/gelsight/images/left_step_051.png|movement/gelsight/images/left_step_053.png|movement/gelsight/images/down_step_000.png|movement/gelsight/images/down_step_002.png,down,51|53|0|2,0.08743200040723813,0.07956399318957519,0.2031630623644606
gelsight,movement,164,movement/gelsight/images/left_step_052.png|movement/gelsight/images/left_step_054.png|movement/gelsight/images/down_step_001.png|movement/gelsight/images/down_step_003.png,down,52|54|1|3,0.10116474771005073,0.07893084594263895,0.047043184182775276
gelsight,movement,165,movement/gelsight/images/left_step_053.png|movement/gelsight/images/down_step_000.png|movement/gelsight/images/down_step_002.png|movement/gelsight/images/down_step_004.png,down,53|0|2|4,0.10078106665747681,0.09213559572337437,-0.13832374087740698
gelsight,movement,166,movement/gelsight/images/left_step_054.png|movement/gelsight/images/down_step_001.png|movement/gelsight/images/down_step_003.png|movement/gelsight/images/down_step_005.png,down,54|1|3|5,0.10510690345960723,0.09067113822983028,-0.3378017048408018
gelsight,movement,167,movement/gelsight/images/down_step_000.png|movement/gelsight/images/down_step_002.png|movement/gelsight/images/down_step_004.png|movement/gelsight/images/down_step_006.png,down,0|2|4|6,0.10931032544654765,0.09657207009307481,-0.5835764065339176
gelsight,movement,168,movement/gelsight/images/down_step_001.png|movement/gelsight/images/down_step_003.png|movement/gelsight/images/down_step_005.png|movement/gelsight/images/down_step_007.png,down,1|3|5|7,0.12256253373902772,0.09062733140468293,-0.8431499415606651
gelsight,movement,169,movement/gelsight/images/down_step_002.png|movement/gelsight/images/down_step_004.png|movement/gelsight/images/down_step_006.png|movement/gelsight/images/down_step_008.png,down,2|4|6|8,0.1253909960961993,0.08910199106091646,-1.1363961735208976
gelsight,movement,170,movement/gelsight/images/down_step_003.png|movement/gelsight/images/down_step_005.png|movement/gelsight/images/down_step_007.png|movement/gelsight/images/down_step_009.png,down,3|5|7|9,0.0894063109870446,0.07247873157496247,-1.304933011961559
gelsight,movement,171,movement/gelsight/images/down_step_004.png|movement/gelsight/images/down_step_006.png|movement/gelsight/images/down_step_008.png|movement/gelsight/images/down_step_010.png,down,4|6|8|10,0.04412384736621099,0.0704786360153797,-1.4624990924047776
gelsight,movement,172,movement/gelsight/images/down_step_005.png|movement/gelsight/images/down_step_007.png|movement/gelsight/images/down_step_009.png|movement/gelsight/images/down_step_011.png,down,5|7|9|11,0.020283736133289612,0.07289842926565362,-1.5981040798208719
gelsight,movement,173,movement/gelsight/images/down_step_006.png|movement/gelsight/images/down_step_008.png|movement/gelsight/images/down_step_010.png|movement/gelsight/images/down_step_012.png,down,6|8|10|12,0.0002132307227781169,0.08890604267957448,-1.7017378148272662
gelsight,movement,174,movement/gelsight/images/down_step_007.png|movement/gelsight/images/down_step_009.png|movement/gelsight/images/down_step_011.png|movement/gelsight/images/down_step_013.png,down,7|9|11|13,-0.002864531995721613,0.09052930605093898,-1.7976321833341355
gelsight,movement,175,movement/gelsight/images/down_step_008.png|movement/gelsight/images/down_step_010.png|movement/gelsight/images/down_step_012.png|movement/gelsight/images/down_step_014.png,down,8|10|12|14,-0.017945297406530416,0.09618123792464522,-1.8728269130338153
gelsight,movement,176,movement/gelsight/images/down_step_009.png|movement/gelsight/images/down_step_011.png|movement/gelsight/images/down_step_013.png|movement/gelsight/images/down_step_015.png,down,9|11|13|15,-0.0034708427129991302,0.08235834121487387,-1.962870861797613
gelsight,movement,177,movement/gelsight/images/down_step_010.png|movement/gelsight/images/down_step_012.png|movement/gelsight/images/down_step_014.png|movement/gelsight/images/down_step_016.png,down,10|12|14|16,-0.012357134989124559,0.08401988822680855,-2.075726113826437
gelsight,movement,178,movement/gelsight/images/down_step_011.png|movement/gelsight/images/down_step_013.png|movement/gelsight/images/down_step_015.png|movement/gelsight/images/down_step_017.png,down,11|13|15|17,0.0001888484419645467,0.08164392975153151,-2.1779499643523477
gelsight,movement,179,movement/gelsight/images/down_step_012.png|movement/gelsight/images/down_step_014.png|movement/gelsight/images/down_step_016.png|movement/gelsight/images/down_step_018.png,down,12|14|16|18,-0.012110712685703656,0.08629790713013025,-2.26902420156728
gelsight,movement,180,movement/gelsight/images/down_step_013.png|movement/gelsight/images/down_step_015.png|movement/gelsight/images/down_step_017.png|movement/gelsight/images/down_step_019.png,down,13|15|17|19,0.0009625934332039565,0.07662811187066143,-2.373115556607168
gelsight,movement,181,movement/gelsight/images/down_step_014.png|movement/gelsight/images/down_step_016.png|movement/gelsight/images/down_step_018.png|movement/gelsight/images/down_step_020.png,down,14|16|18|20,-0.007461181098500174,0.07456584823992074,-2.486305588459643
gelsight,movement,182,movement/gelsight/images/down_step_015.png|movement/gelsight/images/down_step_017.png|movement/gelsight/images/down_step_019.png|movement/gelsight/images/down_step_021.png,down,15|17|19|21,0.003958337111311713,0.06425369903686039,-2.559020966513613
gelsight,movement,183,movement/gelsight/images/down_step_016.png|movement/gelsight/images/down_step_018.png|movement/gelsight/images/down_step_020.png|movement/gelsight/images/down_step_022.png,down,16|18|20|22,-0.0029665964287840345,0.06852475037986469,-2.6722666950227425
gelsight,movement,184,movement/gelsight/images/down_step_017.png|movement/gelsight/images/down_step_019.png|movement/gelsight/images/down_step_021.png|movement/gelsight/images/down_step_023.png,down,17|19|21|23,0.005414521769050558,0.07343062103340678,-2.7887294648832595
gelsight,movement,185,movement/gelsight/images/down_step_018.png|movement/gelsight/images/down_step_020.png|movement/gelsight/images/down_step_022.png|movement/gelsight/images/down_step_024.png,down,18|20|22|24,-0.006135670282159347,0.06866170082949641,-2.8693486514891573
gelsight,movement,186,movement/gelsight/images/down_step_019.png|movement/gelsight/images/down_step_021.png|movement/gelsight/images/down_step_023.png|movement/gelsight/images/down_step_025.png,down,19|21|23|25,0.004008609216815666,0.06715045976545728,-2.991424790206108
gelsight,movement,187,movement/gelsight/images/down_step_020.png|movement/gelsight/images/down_step_022.png|movement/gelsight/images/down_step_024.png|movement/gelsight/images/down_step_026.png,down,20|22|24|26,0.0006754453114537207,0.0611237448043718,-3.0808267825484292
gelsight,movement,188,movement/gelsight/images/down_step_021.png|movement/gelsight/images/down_step_023.png|movement/gelsight/images/down_step_025.png|movement/gelsight/images/down_step_027.png,down,21|23|25|27,0.008087152556104718,0.06270584721852143,-3.1814470101935113
gelsight,movement,189,movement/gelsight/images/down_step_022.png|movement/gelsight/images/down_step_024.png|movement/gelsight/images/down_step_026.png|movement/gelsight/images/down_step_028.png,down,22|24|26|28,-0.004637614843154864,0.05355043572462089,-3.3138112159511817
gelsight,movement,190,movement/gelsight/images/down_step_023.png|movement/gelsight/images/down_step_025.png|movement/gelsight/images/down_step_027.png|movement/gelsight/images/down_step_029.png,down,23|25|27|29,0.002303277049607158,0.06262240934572637,-3.405844324614679
gelsight,movement,191,movement/gelsight/images/down_step_024.png|movement/gelsight/images/down_step_026.png|movement/gelsight/images/down_step_028.png|movement/gelsight/images/down_step_030.png,down,24|26|28|30,-0.015189898020803456,0.06547085166587774,-3.5143067010485356
gelsight,movement,192,movement/gelsight/images/down_step_025.png|movement/gelsight/images/down_step_027.png|movement/gelsight/images/down_step_029.png|movement/gelsight/images/down_step_031.png,down,25|27|29|31,0.0047578692407415565,0.06357932479284181,-3.6316207986616145
gelsight,movement,193,movement/gelsight/images/down_step_026.png|movement/gelsight/images/down_step_028.png|movement/gelsight/images/down_step_030.png|movement/gelsight/images/down_step_032.png,down,26|28|30|32,-0.006618588654728606,0.06263148146784212,-3.735167022193485
gelsight,movement,194,movement/gelsight/images/down_step_027.png|movement/gelsight/images/down_step_029.png|movement/gelsight/images/down_step_031.png|movement/gelsight/images/down_step_033.png,down,27|29|31|33,-0.005224744177193395,0.06422437649783788,-3.858130392861475
gelsight,movement,195,movement/gelsight/images/down_step_028.png|movement/gelsight/images/down_step_030.png|movement/gelsight/images/down_step_032.png|movement/gelsight/images/down_step_034.png,down,28|30|32|34,-0.012090667296289753,0.06479305893777282,-3.933580291939814
gelsight,movement,196,movement/gelsight/images/down_step_029.png|movement/gelsight/images/down_step_031.png|movement/gelsight/images/down_step_033.png|movement/gelsight/images/down_step_035.png,down,29|31|33|35,-0.00021695272111908054,0.06826604739375221,-4.05275165909825
gelsight,movement,197,movement/gelsight/images/down_step_030.png|movement/gelsight/images/down_step_032.png|movement/gelsight/images/down_step_034.png|movement/gelsight/images/down_step_036.png,down,30|32|34|36,-0.005752480524709981,0.0669359277670843,-4.172019729748493
gelsight,movement,198,movement/gelsight/images/down_step_031.png|movement/gelsight/images/down_step_033.png|movement/gelsight/images/down_step_035.png|movement/gelsight/images/down_step_037.png,down,31|33|35|37,-0.00635101255332312,0.07514118176999257,-4.269394089780841
gelsight,movement,199,movement/gelsight/images/down_step_032.png|movement/gelsight/images/down_step_034.png|movement/gelsight/images/down_step_036.png|movement/gelsight/images/down_step_038.png,down,32|34|36|38,-0.012192171556470257,0.07502349033745555,-4.377470477733734
gelsight,movement,200,movement/gelsight/images/down_step_033.png|movement/gelsight/images/down_step_035.png|movement/gelsight/images/down_step_037.png|movement/gelsight/images/down_step_039.png,down,33|35|37|39,-0.0036886169532237313,0.07246660702287348,-4.492381885374936
gelsight,movement,201,movement/gelsight/images/down_step_034.png|movement/gelsight/images/down_step_036.png|movement/gelsight/images/down_step_038.png|movement/gelsight/images/down_step_040.png,down,34|36|38|40,-0.012709793077950282,0.07172898561558264,-4.613024657883658
gelsight,movement,202,movement/gelsight/images/down_step_035.png|movement/gelsight/images/down_step_037.png|movement/gelsight/images/down_step_039.png|movement/gelsight/images/down_step_041.png,down,35|37|39|41,-0.0027466109716829563,0.08152670937449609,-4.71474980747956
gelsight,movement,203,movement/gelsight/images/down_step_036.png|movement/gelsight/images/down_step_038.png|movement/gelsight/images/down_step_040.png|movement/gelsight/images/down_step_042.png,down,36|38|40|42,-0.001540514414042335,0.06944212182416497,-4.831313595474848
gelsight,movement,204,movement/gelsight/images/down_step_037.png|movement/gelsight/images/down_step_039.png|movement/gelsight/images/down_step_041.png|movement/gelsight/images/down_step_043.png,down,37|39|41|43,-0.003626454172995886,0.08167833066976117,-4.939695082241123
gelsight,movement,205,movement/gelsight/images/down_step_038.png|movement/gelsight/images/down_step_040.png|movement/gelsight/images/down_step_042.png|movement/gelsight/images/down_step_044.png,down,38|40|42|44,-0.010316148320369967,0.07473429240320321,-5.032514768327166
gelsight,movement,206,movement/gelsight/images/down_step_039.png|movement/gelsight/images/down_step_041.png|movement/gelsight/images/down_step_043.png|movement/gelsight/images/down_step_045.png,down,39|41|43|45,-0.0013142925239051813,0.07886781346603378,-5.1702722402147465
gelsight,movement,207,movement/gelsight/images/down_step_040.png|movement/gelsight/images/down_step_042.png|movement/gelsight/images/down_step_044.png|movement/gelsight/images/down_step_046.png,down,40|42|44|46,-0.004291194176576182,0.07433179537276291,-5.274650771526407
gelsight,movement,208,movement/gelsight/images/down_step_041.png|movement/gelsight/images/down_step_043.png|movement/gelsight/images/down_step_045.png|movement/gelsight/images/down_step_047.png,down,41|43|45|47,-0.006997776697160129,0.07984999064480268,-5.387629572246137
gelsight,movement,209,movement/gelsight/images/down_step_042.png|movement/gelsight/images/down_step_044.png|movement/gelsight/images/down_step_046.png|movement/gelsight/images/down_step_048.png,down,42|44|46|48,-0.012719595305261712,0.07848455098993959,-5.484343415109601
gelsight,movement,210,movement/gelsight/images/down_step_043.png|movement/gelsight/images/down_step_045.png|movement/gelsight/images/down_step_047.png|movement/gelsight/images/down_step_049.png,down,43|45|47|49,-0.0007441909912470693,0.08183641851703799,-5.579928104694664
gelsight,movement,211,movement/gelsight/images/down_step_044.png|movement/gelsight/images/down_step_046.png|movement/gelsight/images/down_step_048.png|movement/gelsight/images/down_step_050.png,down,44|46|48|50,-0.015030283293142419,0.08168366156490257,-5.693024225489731
gelsight,movement,212,movement/gelsight/images/down_step_045.png|movement/gelsight/images/down_step_047.png|movement/gelsight/images/down_step_049.png|movement/gelsight/images/down_step_051.png,down,45|47|49|51,0.0032299942069854773,0.08986959038951262,-5.813069358169196
gelsight,movement,213,movement/gelsight/images/down_step_046.png|movement/gelsight/images/down_step_048.png|movement/gelsight/images/down_step_050.png|movement/gelsight/images/down_step_052.png,down,46|48|50|52,-0.010941957953064234,0.08223971682669129,-5.920883332300084
gelsight,movement,214,movement/gelsight/images/down_step_047.png|movement/gelsight/images/down_step_049.png|movement/gelsight/images/down_step_051.png|movement/gelsight/images/down_step_053.png,down,47|49|51|53,-0.003447799064269237,0.08537603335694083,-6.043397997654965
gelsight,movement,215,movement/gelsight/images/down_step_048.png|movement/gelsight/images/down_step_050.png|movement/gelsight/images/down_step_052.png|movement/gelsight/images/down_step_054.png,down,48|50|52|54,-0.008635387505449132,0.07960465848452225,-6.1438162328880175
gelsight,movement,216,movement/gelsight/images/down_step_049.png|movement/gelsight/images/down_step_051.png|movement/gelsight/images/down_step_053.png|movement/gelsight/images/down_step_055.png,down,49|51|53|55,0.002020128600016123,0.07575538768605944,-6.268761759239002
gelsight,movement,217,movement/gelsight/images/down_step_050.png|movement/gelsight/images/down_step_052.png|movement/gelsight/images/down_step_054.png|movement/gelsight/images/down_step_056.png,down,50|52|54|56,-0.003065581256832931,0.0848695908210633,-6.37358830971189
gelsight,movement,218,movement/gelsight/images/down_step_051.png|movement/gelsight/images/down_step_053.png|movement/gelsight/images/down_step_055.png|movement/gelsight/images/down_step_057.png,down,51|53|55|57,-0.002842168367213415,0.08401469067633457,-6.47285294652176
gelsight,movement,219,movement/gelsight/images/down_step_052.png|movement/gelsight/images/down_step_054.png|movement/gelsight/images/down_step_056.png|movement/gelsight/images/down_step_058.png,down,52|54|56|58,-0.004157157477109916,0.08621128098153753,-6.594774956874129
gelsight,movement,220,movement/gelsight/images/down_step_053.png|movement/gelsight/images/down_step_055.png|movement/gelsight/images/down_step_057.png|movement/gelsight/images/down_step_059.png,down,53|55|57|59,0.0036443525123856513,0.07830692612377496,-6.70547353615944
gelsight,movement,221,movement/gelsight/images/down_step_054.png|movement/gelsight/images/down_step_056.png|movement/gelsight/images/down_step_058.png|movement/gelsight/images/down_step_060.png,down,54|56|58|60,0.014075704102175311,0.09070499545509098,-6.8170795280845695
gelsight,movement,222,movement/gelsight/images/down_step_055.png|movement/gelsight/images/down_step_057.png|movement/gelsight/images/down_step_059.png|movement/gelsight/images/down_step_061.png,down,55|57|59|61,-0.003274966354345144,0.08733768853150953,-6.9343021880796805
gelsight,movement,223,movement/gelsight/images/down_step_056.png|movement/gelsight/images/down_step_058.png|movement/gelsight/images/down_step_060.png|movement/gelsight/images/down_step_062.png,down,56|58|60|62,0.011019821012138897,0.08955392103462045,-7.045955891982851
gelsight,movement,224,movement/gelsight/images/down_step_057.png|movement/gelsight/images/down_step_059.png|movement/gelsight/images/down_step_061.png|movement/gelsight/images/up_step_000.png,up,57|59|61|0,-0.037460895089770976,0.028873948384387338,-0.1411761058986844
gelsight,movement,225,movement/gelsight/images/down_step_058.png|movement/gelsight/images/down_step_060.png|movement/gelsight/images/down_step_062.png|movement/gelsight/images/up_step_001.png,up,58|60|62|1,-0.04563855377101554,0.02127794732118307,-0.2662946428049435
gelsight,movement,226,movement/gelsight/images/down_step_059.png|movement/gelsight/images/down_step_061.png|movement/gelsight/images/up_step_000.png|movement/gelsight/images/up_step_002.png,up,59|61|0|2,-0.01755933629531392,0.026607663534895812,-0.459482869372493
gelsight,movement,227,movement/gelsight/images/down_step_060.png|movement/gelsight/images/down_step_062.png|movement/gelsight/images/up_step_001.png|movement/gelsight/images/up_step_003.png,up,60|62|1|3,0.004025135558121895,0.011979562619163484,-0.6933349156365309
gelsight,movement,228,movement/gelsight/images/down_step_061.png|movement/gelsight/images/up_step_000.png|movement/gelsight/images/up_step_002.png|movement/gelsight/images/up_step_004.png,up,61|0|2|4,0.04980965699069165,0.026386415617757453,-0.9246314292694418
gelsight,movement,229,movement/gelsight/images/down_step_062.png|movement/gelsight/images/up_step_001.png|movement/gelsight/images/up_step_003.png|movement/gelsight/images/up_step_005.png,up,62|1|3|5,0.07719790074599156,0.003652044679063604,-1.2182197811821194
gelsight,movement,230,movement/gelsight/images/up_step_000.png|movement/gelsight/images/up_step_002.png|movement/gelsight/images/up_step_004.png|movement/gelsight/images/up_step_006.png,up,0|2|4|6,0.12167655300840949,0.003258443255351351,-1.5138691073867592
gelsight,movement,231,movement/gelsight/images/up_step_001.png|movement/gelsight/images/up_step_003.png|movement/gelsight/images/up_step_005.png|movement/gelsight/images/up_step_007.png,up,1|3|5|7,0.12663573529148503,-0.017017889696384805,-1.8318224458067756
gelsight,movement,232,movement/gelsight/images/up_step_002.png|movement/gelsight/images/up_step_004.png|movement/gelsight/images/up_step_006.png|movement/gelsight/images/up_step_008.png,up,2|4|6|8,0.08681229566679882,-0.014710637332301248,-2.001676587733094
gelsight,movement,233,movement/gelsight/images/up_step_003.png|movement/gelsight/images/up_step_005.png|movement/gelsight/images/up_step_007.png|movement/gelsight/images/up_step_009.png,up,3|5|7|9,0.06291509992557986,0.010442874264550095,-2.14726750787829
gelsight,movement,234,movement/gelsight/images/up_step_004.png|movement/gelsight/images/up_step_006.png|movement/gelsight/images/up_step_008.png|movement/gelsight/images/up_step_010.png,up,4|6|8|10,0.06150009755945887,0.018945257215776,-2.229446286156358
gelsight,movement,235,movement/gelsight/images/up_step_005.png|movement/gelsight/images/up_step_007.png|movement/gelsight/images/up_step_009.png|movement/gelsight/images/up_step_011.png,up,5|7|9|11,0.044078502143955645,0.007972328657360445,-2.3465121898663632
gelsight,movement,236,movement/gelsight/images/up_step_006.png|movement/gelsight/images/up_step_008.png|movement/gelsight/images/up_step_010.png|movement/gelsight/images/up_step_012.png,up,6|8|10|12,0.06743275800495996,0.009330778061634876,-2.4586517551378146
gelsight,movement,237,movement/gelsight/images/up_step_007.png|movement/gelsight/images/up_step_009.png|movement/gelsight/images/up_step_011.png|movement/gelsight/images/up_step_013.png,up,7|9|11|13,0.054796500539153775,0.015265682788427049,-2.5671944914592104
gelsight,movement,238,movement/gelsight/images/up_step_008.png|movement/gelsight/images/up_step_010.png|movement/gelsight/images/up_step_012.png|movement/gelsight/images/up_step_014.png,up,8|10|12|14,0.06033333145728681,0.01107489968101616,-2.682888219909704
gelsight,movement,239,movement/gelsight/images/up_step_009.png|movement/gelsight/images/up_step_011.png|movement/gelsight/images/up_step_013.png|movement/gelsight/images/up_step_015.png,up,9|11|13|15,0.06254192418464377,0.010574848720727947,-2.8051744317064413
gelsight,movement,240,movement/gelsight/images/up_step_010.png|movement/gelsight/images/up_step_012.png|movement/gelsight/images/up_step_014.png|movement/gelsight/images/up_step_016.png,up,10|12|14|16,0.07503526076167935,0.016590859642250502,-2.9333529570940695
gelsight,movement,241,movement/gelsight/images/up_step_011.png|movement/gelsight/images/up_step_013.png|movement/gelsight/images/up_step_015.png|movement/gelsight/images/up_step_017.png,up,11|13|15|17,0.061933657573429196,0.01598037336470784,-3.033554772335819
gelsight,movement,242,movement/gelsight/images/up_step_012.png|movement/gelsight/images/up_step_014.png|movement/gelsight/images/up_step_016.png|movement/gelsight/images/up_step_018.png,up,12|14|16|18,0.0710419763185556,0.021214546552162677,-3.161921737969467
gelsight,movement,243,movement/gelsight/images/up_step_013.png|movement/gelsight/images/up_step_015.png|movement/gelsight/images/up_step_017.png|movement/gelsight/images/up_step_019.png,up,13|15|17|19,0.06915664998303087,0.02352321140534501,-3.2813337643780427
gelsight,movement,244,movement/gelsight/images/up_step_014.png|movement/gelsight/images/up_step_016.png|movement/gelsight/images/up_step_018.png|movement/gelsight/images/up_step_020.png,up,14|16|18|20,0.08113233747713092,0.040698459271927334,-3.4172157970389363
gelsight,movement,245,movement/gelsight/images/up_step_015.png|movement/gelsight/images/up_step_017.png|movement/gelsight/images/up_step_019.png|movement/gelsight/images/up_step_021.png,up,15|17|19|21,0.08345533053273313,0.031557515758494054,-3.5442920694270064
gelsight,movement,246,movement/gelsight/images/up_step_016.png|movement/gelsight/images/up_step_018.png|movement/gelsight/images/up_step_020.png|movement/gelsight/images/up_step_022.png,up,16|18|20|22,0.10057633834086674,0.045618533330800126,-3.663692764723834
gelsight,movement,247,movement/gelsight/images/up_step_017.png|movement/gelsight/images/up_step_019.png|movement/gelsight/images/up_step_021.png|movement/gelsight/images/up_step_023.png,up,17|19|21|23,0.09762168615394604,0.03470325600505911,-3.7941636398478353
gelsight,movement,248,movement/gelsight/images/up_step_018.png|movement/gelsight/images/up_step_020.png|movement/gelsight/images/up_step_022.png|movement/gelsight/images/up_step_024.png,up,18|20|22|24,0.1049320067031437,0.0489439477341059,-3.912352142747439
gelsight,movement,249,movement/gelsight/images/up_step_019.png|movement/gelsight/images/up_step_021.png|movement/gelsight/images/up_step_023.png|movement/gelsight/images/up_step_025.png,up,19|21|23|25,0.1087996172209306,0.04465710847321548,-4.01839275209756
gelsight,movement,250,movement/gelsight/images/up_step_020.png|movement/gelsight/images/up_step_022.png|movement/gelsight/images/up_step_024.png|movement/gelsight/images/up_step_026.png,up,20|22|24|26,0.12061172267936468,0.042873968223488795,-4.170632931417378
gelsight,movement,251,movement/gelsight/images/up_step_021.png|movement/gelsight/images/up_step_023.png|movement/gelsight/images/up_step_025.png|movement/gelsight/images/up_step_027.png,up,21|23|25|27,0.12019186182188732,0.04745432306268721,-4.2741065020295945
gelsight,movement,252,movement/gelsight/images/up_step_022.png|movement/gelsight/images/up_step_024.png|movement/gelsight/images/up_step_026.png|movement/gelsight/images/up_step_028.png,up,22|24|26|28,0.12992392861444466,0.043197582303933654,-4.413907495137354
gelsight,movement,253,movement/gelsight/images/up_step_023.png|movement/gelsight/images/up_step_025.png|movement/gelsight/images/up_step_027.png|movement/gelsight/images/up_step_029.png,up,23|25|27|29,0.13636819805910524,0.05789325523623201,-4.536143929458476
gelsight,movement,254,movement/gelsight/images/up_step_024.png|movement/gelsight/images/up_step_026.png|movement/gelsight/images/up_step_028.png|movement/gelsight/images/up_step_030.png,up,24|26|28|30,0.1470085552618692,0.05294374727988818,-4.653273883617328
gelsight,movement,255,movement/gelsight/images/up_step_025.png|movement/gelsight/images/up_step_027.png|movement/gelsight/images/up_step_029.png|movement/gelsight/images/up_step_031.png,up,25|27|29|31,0.1480321692651573,0.05567245595348508,-4.816753320660848
gelsight,movement,256,movement/gelsight/images/up_step_026.png|movement/gelsight/images/up_step_028.png|movement/gelsight/images/up_step_030.png|movement/gelsight/images/up_step_032.png,up,26|28|30|32,0.16144088890321798,0.05482618339621115,-4.923356849138601
gelsight,movement,257,movement/gelsight/images/up_step_027.png|movement/gelsight/images/up_step_029.png|movement/gelsight/images/up_step_031.png|movement/gelsight/images/up_step_033.png,up,27|29|31|33,0.1584926125766685,0.07057980563427166,-5.047232278128955
gelsight,movement,258,movement/gelsight/images/up_step_028.png|movement/gelsight/images/up_step_030.png|movement/gelsight/images/up_step_032.png|movement/gelsight/images/up_step_034.png,up,28|30|32|34,0.17690429924840553,0.06518900527237442,-5.190644959851255
gelsight,movement,259,movement/gelsight/images/up_step_029.png|movement/gelsight/images/up_step_031.png|movement/gelsight/images/up_step_033.png|movement/gelsight/images/up_step_035.png,up,29|31|33|35,0.17794804979537263,0.07416681310679116,-5.313818474312526
gelsight,movement,260,movement/gelsight/images/up_step_030.png|movement/gelsight/images/up_step_032.png|movement/gelsight/images/up_step_034.png|movement/gelsight/images/up_step_036.png,up,30|32|34|36,0.19849313680489397,0.07130126416713359,-5.455602219170223
gelsight,movement,261,movement/gelsight/images/up_step_031.png|movement/gelsight/images/up_step_033.png|movement/gelsight/images/up_step_035.png|movement/gelsight/images/up_step_037.png,up,31|33|35|37,0.19475713573949963,0.08887124656608741,-5.55617334933781
gelsight,movement,262,movement/gelsight/images/up_step_032.png|movement/gelsight/images/up_step_034.png|movement/gelsight/images/up_step_036.png|movement/gelsight/images/up_step_038.png,up,32|34|36|38,0.2140933555858239,0.07287886993570075,-5.700077796508974
gelsight,movement,263,movement/gelsight/images/up_step_033.png|movement/gelsight/images/up_step_035.png|movement/gelsight/images/up_step_037.png|movement/gelsight/images/up_step_039.png,up,33|35|37|39,0.2093389545426321,0.09219793496015424,-5.838399994126601
gelsight,movement,264,movement/gelsight/images/up_step_034.png|movement/gelsight/images/up_step_036.png|movement/gelsight/images/up_step_038.png|movement/gelsight/images/up_step_040.png,up,34|36|38|40,0.22831617215622182,0.08465201165281205,-5.993280270388061
gelsight,movement,265,movement/gelsight/images/up_step_035.png|movement/gelsight/images/up_step_037.png|movement/gelsight/images/up_step_039.png|movement/gelsight/images/up_step_041.png,up,35|37|39|41,0.23512903118960696,0.08726411593421368,-6.140615167284939
gelsight,movement,266,movement/gelsight/images/up_step_036.png|movement/gelsight/images/up_step_038.png|movement/gelsight/images/up_step_040.png|movement/gelsight/images/up_step_042.png,up,36|38|40|42,0.24078196786634223,0.09072525488280508,-6.242497875599582
gelsight,movement,267,movement/gelsight/images/up_step_037.png|movement/gelsight/images/up_step_039.png|movement/gelsight/images/up_step_041.png|movement/gelsight/images/up_step_043.png,up,37|39|41|43,0.2509391823635634,0.08884332082480845,-6.388740248638685
gelsight,movement,268,movement/gelsight/images/up_step_038.png|movement/gelsight/images/up_step_040.png|movement/gelsight/images/up_step_042.png|movement/gelsight/images/up_step_044.png,up,38|40|42|44,0.25881399236501257,0.08640649503308989,-6.482231881299671
gelsight,movement,269,movement/gelsight/images/up_step_039.png|movement/gelsight/images/up_step_041.png|movement/gelsight/images/up_step_043.png|movement/gelsight/images/up_step_045.png,up,39|41|43|45,0.2626776927152308,0.0882402960472839,-6.607445259983017
gelsight,movement,270,movement/gelsight/images/up_step_040.png|movement/gelsight/images/up_step_042.png|movement/gelsight/images/up_step_044.png|movement/gelsight/images/up_step_046.png,up,40|42|44|46,0.28487315178889105,0.08419417483230673,-6.752903808886024
gelsight,movement,271,movement/gelsight/images/up_step_041.png|movement/gelsight/images/up_step_043.png|movement/gelsight/images/up_step_045.png|movement/gelsight/images/up_step_047.png,up,41|43|45|47,0.2904993195159893,0.0834085776369635,-6.893150304566452
gelsight,movement,272,movement/gelsight/images/up_step_042.png|movement/gelsight/images/up_step_044.png|movement/gelsight/images/up_step_046.png|movement/gelsight/images/up_step_048.png,up,42|44|46|48,0.2954701259989926,0.0798598367967373,-7.022932981192821
